관리기관명,소재지지번주소,설치목적구분,카메라대수,카메라화소수,촬영방면정보,보관일수,설치년월,관리기관전화번호,위도,경도,데이터기준일자
경상남도 거제시청,거제면 동상리 545-1(거제초등학교 앞),어린이보호구역,2,200,70도,30일,2013-12-01,055-639-3683,34.8507447,128.5913124,2025-11-04
경상남도 거제시청,고현동 164,초등학교,4,200,70도,30일,2013-06-01,055-639-3683,34.88115277,128.6246,2025-11-04
경상남도 거제시청,고현동 996,초등학교,4,200,70도,30일,2013-06-01,055-639-3683,34.89487882,128.6297578,2025-11-04
경상남도 거제시청,일운면 342(와현해수욕장),방범,2,200,70도,30일,2015-07-01,055-639-3683,34.813572,128.708184,2025-11-04
경상남도 거제시청,일운면 42-17(구조라유람선선착장앞),방범,2,200,70도,30일,2015-07-01,055-639-3683,34.80495212,128.6949543,2025-11-04
경상남도 거제시청,일운면 옥림리 235-4,쓰레기투기감시,2,200,70도,30일,2015-07-01,055-639-3683,34.8497,128.7193,2025-11-04
경상남도 거제시청,장평동 386(녹지완충구간),방범,5,200,70도,30일,2015-07-01,055-639-3683,34.8888,128.6127333,2025-11-04
경상남도 거제시청,하청면 236-4(석포교회입구),방범,2,200,70도,30일,2015-07-01,055-639-3683,34.9487,128.5994,2025-11-04
경상남도 거제시청,장평동 장평1로7길 18(안데르센어린이집앞),쓰레기투기감시,2,200,70도,30일,2015-07-01,055-639-3683,34.8939695,128.614743,2025-11-04
경상남도 거제시청,동부면 990(연담삼거리),방범,3,200,70도,30일,2015-07-01,055-639-3683,34.8103,128.6296,2025-11-04
경상남도 거제시청,능포동 480-44(능포물량장),방범,6,200,70도,30일,2019-08-01,055-639-3683,34.88448126,128.7375593,2025-11-04
경상남도 거제시청,고현동 947-5(고현유치원 앞),어린이보호구역,2,200,70도,30일,2019-08-01,055-639-3683,34.881986,128.619224,2025-11-04
경상남도 거제시청,일운면 와현리 425-1도(요거프레스 앞),쓰레기투기감시,2,200,70도,30일,2019-08-01,055-639-3683,34.813699,128.7073,2025-11-04
경상남도 거제시청,"장승포동 265-11, 우진빌라트 오르막길",방범,2,200,70도,30일,2019-07-01,055-639-3683,34.86851739,128.7319932,2025-11-04
경상남도 거제시청,"장승포로13길 8-1, 매미민박골목",방범,2,200,70도,30일,2019-07-01,055-639-3683,34.863259,128.730101,2025-11-04
경상남도 거제시청,"장승포로 101, 청호횟집 주변",방범,2,200,70도,30일,2019-07-01,055-639-3683,34.86334431,128.7293002,2025-11-04
경상남도 거제시청,"장승포로5길 28, 예그리나 원룸 앞",방범,3,200,70도,30일,2019-07-01,055-639-3683,34.86780779,128.7311812,2025-11-04
경상남도 거제시청,"장승포로 93-1, 더럭스관광호텔 앞",방범,2,200,70도,30일,2019-07-01,055-639-3683,34.863893,128.730548,2025-11-04
경상남도 거제시청,"신부로3길 15, 만민교회 인근",방범,2,200,70도,30일,2019-07-01,055-639-3683,34.86819432,128.7300979,2025-11-04
경상남도 거제시청,옥포1동 557(현대블루핸즈앞),방범,8,200,70도,30일,2015-07-01,055-639-3683,34.8878,128.6922,2025-11-04
경상남도 거제시청,고현동 1104-1(장평 유림노르웨이숲 앞 고현항재개발 입구 사거리),주정차단속,4,200,70도,30일,2018-11-01,055-639-3683,34.8921,128.6172,2025-11-04
경상남도 거제시청,연초면 오비리 657-1,초등학교,4,200,70도,30일,2013-12-01,055-639-3683,34.9226,128.6226,2025-11-04
경상남도 거제시청,옥포1동 539-1,초등학교,4,200,70도,30일,2012-02-01,055-639-3683,34.8923,128.6898,2025-11-04
경상남도 거제시청,옥포2동 1272-3,초등학교,4,200,70도,30일,2014-11-01,055-639-3683,34.9016,128.6841,2025-11-04
경상남도 거제시청,장목면 외포리 215,초등학교,4,200,70도,30일,2013-06-01,055-639-3683,34.9427,128.7181,2025-11-04
경상남도 거제시청,장목면 장목리 325-1,초등학교,4,200,70도,30일,2011-02-01,055-639-3683,34.9926,128.6821,2025-11-04
경상남도 거제시청,고현동 1104(고현항재개발 내 삼거리),주정차단속,2,200,70도,30일,2018-11-01,055-639-3683,34.89374953,128.6205109,2025-11-04
경상남도 거제시청,아주동 1709 뚜레주르 아주덕산점 앞 사거리,방범,5,200,70도,30일,2018-11-01,055-639-3683,34.86675427,128.6848027,2025-11-04
경상남도 거제시청,장평동 348,초등학교,4,200,70도,30일,2013-12-01,055-639-3683,34.8938276,128.6071619,2025-11-04
경상남도 거제시청,하청면 연구리 445-1,초등학교,4,200,70도,30일,2011-02-01,055-639-3683,34.9842,128.6247,2025-11-04
경상남도 거제시청,하청면 하청리 661-3,초등학교,4,200,70도,30일,2013-06-01,055-639-3683,34.9563,128.6554,2025-11-04
경상남도 거제시청,"거제시 중곡로7길 36, 고현동 986 신오교아래주차장",방범,3,200,70도,30일,2018-11-01,055-639-3683,34.89708861,128.6259538,2025-11-04
경상남도 거제시청,능포동 산61-78 대성아파트뒤편등산로입구,방범,4,200,70도,30일,2018-11-01,055-639-3683,34.8757,128.7381,2025-11-04
경상남도 거제시청,고현동 298-3 계룡중후문등산로입구,방범,4,200,70도,30일,2018-11-01,055-639-3683,34.8851,128.6295,2025-11-04
경상남도 거제시청,"장승포로7길 12, 항만식당 옆",방범,2,200,70도,30일,2019-07-01,055-639-3683,34.86592487,128.7304392,2025-11-04
경상남도 거제시청,"신부로1길 10, 가나부동산 옆",방범,2,200,70도,30일,2019-07-01,055-639-3683,34.86801,128.729429,2025-11-04
경상남도 거제시청,"신부로1길 5, 한유빌 맞은편",방범,2,200,70도,30일,2019-07-01,055-639-3683,34.86842847,128.7280361,2025-11-04
경상남도 거제시청,"장승포로3길 7, 거제시공영주차장 옆",방범,2,200,70도,30일,2019-07-01,055-639-3683,34.86897647,128.7272371,2025-11-04
경상남도 거제시청,"장승포로2길 33, 삼오정 앞",방범,2,200,70도,30일,2019-07-01,055-639-3683,34.86788738,128.7287693,2025-11-04
경상남도 거제시청,"장승포로 58, 장승포수협 앞",방범,2,200,70도,30일,2019-07-01,055-639-3683,34.86742595,128.7299228,2025-11-04
경상남도 거제시청,옥포동 615-1 GS슈퍼마켓 앞 삼거리,방범,3,200,70도,30일,2018-11-01,055-639-3683,34.8943,128.6947,2025-11-04
경상남도 거제시청,하청면 하청리 326-1 신창마을 입구,방범,3,200,70도,30일,2018-11-01,055-639-3683,34.9568,128.6567,2025-11-04
경상남도 거제시청,둔덕면 하둔리 60-27 하둔사거리,방범,4,200,70도,30일,2018-11-01,055-639-3683,34.83899235,128.5092159,2025-11-04
경상남도 거제시청,문동동 670 푸르지오앞 어린이공원,방범,4,200,70도,30일,2018-11-01,055-639-3683,34.8583,128.6431,2025-11-04
경상남도 거제시청,장목면 장목리 234-8 장서마을 둥지빌 앞,방범,2,200,70도,30일,2018-11-01,055-639-3683,34.9857,128.6785,2025-11-04
경상남도 거제시청,하청면 덕곡리 613-4 덕곡마을 입구,방범,3,200,70도,30일,2018-11-01,055-639-3683,34.9608,128.6146,2025-11-04
경상남도 거제시청,사등면 성포리 351-10 사등농협 앞,방범,6,200,70도,30일,2018-11-01,055-639-3683,34.9208605,128.5225988,2025-11-04
경상남도 거제시청,수월동 1170,초등학교,4,200,70도,30일,2013-11-01,055-639-3683,34.8905,128.6435,2025-11-04
경상남도 거제시청,고현동 1057,초등학교,4,200,70도,30일,2012-08-01,055-639-3683,34.89521602,128.634773,2025-11-04
경상남도 거제시청,거제면 동상리 55,초등학교,4,200,70도,30일,2012-08-01,055-639-3683,34.85137341,128.5918302,2025-11-04
경상남도 거제시청,거제면 외간리 101-1,초등학교,3,200,70도,30일,2012-01-01,055-639-3683,34.86012596,128.5760564,2025-11-04
경상남도 거제시청,고현동 961-185(신현 제2어린이 공원),도시공원,4,200,70도,30일,2013-11-01,055-639-3683,34.88811788,128.6206876,2025-11-04
경상남도 거제시청,남부면 저구리 311,초등학교,4,200,70도,30일,2014-05-01,055-639-3683,34.7256,128.6034,2025-11-04
경상남도 거제시청,능포동 440,초등학교,4,200,70도,30일,2015-07-01,055-639-3683,34.88100786,128.7367654,2025-11-04
경상남도 거제시청,능포로 15길 13(능포동네체육시설),방범,1,200,70도,30일,2013-12-01,055-639-3683,34.88501359,128.736256,2025-11-04
경상남도 거제시청,능포로 231(시내버스 종점),방범,2,200,70도,30일,2013-12-01,055-639-3683,34.8833,128.7368,2025-11-04
경상남도 거제시청,능포로 6길 5-2(정현헤어샵 앞),방범,1,200,70도,30일,2013-12-01,055-639-3683,34.8774,128.7332,2025-11-04
경상남도 거제시청,옥수로 10길 36(옥수시장 앞),방범,2,200,70도,30일,2013-12-01,055-639-3683,34.8763,128.7316,2025-11-04
경상남도 거제시청,장승포동 540-7(마전어린이집),어린이보호구역,2,200,70도,30일,2016-04-01,055-639-3683,34.86272362,128.7231685,2025-11-04
경상남도 거제시청,장평동 619(양지초등학교),어린이보호구역,2,200,70도,30일,2016-04-01,055-639-3683,34.890526,128.604396,2025-11-04
경상남도 거제시청,상동5길 75-41,초등학교,4,200,70도,30일,2013-12-01,055-639-3683,34.861972,128.634552,2025-11-04
경상남도 거제시청,남부면 262-5 (해금강테마박물관),재난관리,2,200,70도,30일,2015-07-01,055-639-3683,34.73976974,128.6625724,2025-11-04
경상남도 거제시청,아주2로 112,초등학교,4,200,70도,30일,2013-12-01,055-639-3683,34.87091944,128.6785278,2025-11-04
경상남도 거제시청,옥포동 548-11(옥포동 옥금당 앞 삼거리),주정차단속,3,200,70도,30일,2015-08-01,055-639-3683,34.8902,128.6918,2025-11-04
경상남도 거제시청,아주동 1697-1(아주동 카페베네 앞 사거리),주정차단속,4,200,70도,30일,2015-08-01,055-639-3683,34.86653553,128.6893416,2025-11-04
경상남도 거제시청,수양동 1015-6(구)(수월천 제산교),재난관리,1,200,70도,30일,2015-07-01,055-639-3683,34.8882,128.646,2025-11-04
경상남도 거제시청,연초면 송정리 541,초등학교,4,200,70도,30일,2013-06-01,055-639-3683,34.9183,128.6737,2025-11-04
경상남도 거제시청,장평동 31-22(장평동 디큐브백화점 앞),주정차단속,3,200,70도,30일,2015-11-01,055-639-3683,34.89127463,128.615491,2025-11-04
경상남도 거제시청,고현동 889-9(신현초등학교),어린이보호구역,2,200,70도,30일,2016-04-01,055-639-3683,34.888162,128.617711,2025-11-04
경상남도 거제시청,옥포동 539-1(옥포초등학교),어린이보호구역,2,200,70도,30일,2016-04-01,055-639-3683,34.89188016,128.6910267,2025-11-04
경상남도 거제시청,연초면 죽토리 1131,초등학교,4,200,70도,30일,2015-07-01,055-639-3683,34.9122,128.6523,2025-11-04
경상남도 거제시청,옥포동 1993(대우오션플라자앞),도시공원,5,200,70도,30일,2020-05-01,055-639-3683,34.88790812,128.6947597,2025-11-04
경상남도 거제시청,동부면 산양리 295-2,초등학교,4,200,70도,30일,2014-05-01,055-639-3683,34.8212,128.6096,2025-11-04
경상남도 거제시청,동부면 율포리 628-1,초등학교,3,200,70도,30일,2015-07-01,055-639-3683,34.7787,128.5937,2025-11-04
경상남도 거제시청,일운면 지세포리 745-1,초등학교,4,200,70도,30일,2013-12-01,055-639-3683,34.8283,128.7065,2025-11-04
경상남도 거제시청,둔덕면 술역리 94,초등학교,4,200,70도,30일,2012-08-01,055-639-3683,34.8367,128.4959,2025-11-04
경상남도 거제시청,사등면 덕호리 14-1,초등학교,4,200,70도,30일,2015-07-01,055-639-3683,34.8864,128.4829,2025-11-04
경상남도 거제시청,사등면 창호리 761,초등학교,4,200,70도,30일,2015-07-01,055-639-3683,34.9555,128.5205,2025-11-04
경상남도 거제시청,장승포동 319,초등학교,4,200,70도,30일,2013-12-01,055-639-3683,34.8693,128.7284,2025-11-04
경상남도 거제시청,고현동 867-18(신현초등학교인근 대성수산 앞),어린이보호구역,2,200,70도,30일,2015-01-01,055-639-3683,34.88782468,128.617875,2025-11-04
경상남도 거제시청,상문동 369(웰빙공원내),도시공원,3,200,70도,30일,2019-08-01,055-639-3683,34.87747328,128.634426,2025-11-04
경상남도 거제시청,장평동 760-1 코아루아파트 입구,방범,3,200,70도,30일,2018-11-01,055-639-3683,34.8905,128.6061,2025-11-04
경상남도 거제시청,덕포동 81-5 덕포해수욕장,방범,3,200,70도,30일,2018-11-01,055-639-3683,34.9117,128.711,2025-11-04
경상남도 거제시청,고현동 122-9 농협중앙회 앞 오거리,방범,5,200,70도,30일,2018-11-01,055-639-3683,34.884224,128.625302,2025-11-04
경상남도 거제시청,거제면 서정리 780-2 거제제일중학교 앞 사거리,방범,4,200,70도,30일,2018-11-01,055-639-3683,34.85038331,128.5852934,2025-11-04
경상남도 거제시청,수월동 1052 자이아파트 정문,방범,3,200,70도,30일,2018-11-01,055-639-3683,34.89269506,128.6445145,2025-11-04
경상남도 거제시청,고현동 511-4 거제도서관 입구,방범,4,200,70도,30일,2018-11-01,055-639-3683,34.8787,128.6235,2025-11-04
경상남도 거제시청,장평동 392 장평우체국 앞 삼거리,방범,3,200,70도,30일,2018-11-01,055-639-3683,34.8912,128.6119,2025-11-04
경상남도 거제시청,덕포동 1033-69 수진빌 앞 삼거리,방범,3,200,70도,30일,2018-11-01,055-639-3683,34.9103,128.7012,2025-11-04
경상남도 거제시청,"연초면 거제대로 4280(연초초등학교 정문 앞,소방서 옆)",어린이보호구역,4,200,70도,30일,2014-11-01,055-639-3683,34.912,128.6527,2025-11-04
경상남도 거제시청,하청면 칠천로 372(칠천초등학교 후문 인근),어린이보호구역,1,200,70도,30일,2014-11-01,055-639-3683,34.9834,128.6247,2025-11-04
경상남도 거제시청,장평1로 116(장평초등학교 후문 옆),어린이보호구역,3,200,70도,30일,2014-11-01,055-639-3683,34.89357347,128.6065896,2025-11-04
경상남도 거제시청,연초면 송정이목로 47(송정초등학교 정문 앞),어린이보호구역,2,200,70도,30일,2014-11-01,055-639-3683,34.91820719,128.6743156,2025-11-04
경상남도 거제시청,사등면 가조로 1281-16(창호초등학교 정문 앞),어린이보호구역,2,200,70도,30일,2014-11-01,055-639-3683,34.95516481,128.5210267,2025-11-04
경상남도 거제시청,고현동 1057(중앙초등학교 후문 앞),어린이보호구역,1,200,70도,30일,2015-01-01,055-639-3683,34.89599802,128.6340329,2025-11-04
경상남도 거제시청,고현동 1025(중곡초등학교 정문 앞),어린이보호구역,6,200,70도,30일,2015-01-01,055-639-3683,34.89564015,128.6301178,2025-11-04
경상남도 거제시청,옥포동 536-39(옥포초등학교 후문 인근),어린이보호구역,1,200,70도,30일,2015-01-01,055-639-3683,34.89255013,128.6902482,2025-11-04
경상남도 거제시청,문동동 147-3(룸비니유치원앞),어린이보호구역,3,200,70도,30일,2016-12-01,055-639-3683,34.8541,128.6519,2025-11-04
경상남도 거제시청,아주로3길 63(대우초등학교 정문 앞),어린이보호구역,2,200,70도,30일,2014-11-01,055-639-3683,34.8625,128.6882,2025-11-04
경상남도 거제시청,옥포2동 919,초등학교,4,200,70도,30일,2015-07-01,055-639-3683,34.8967728,128.6934816,2025-11-04
경상남도 거제시청,장평로 33(와바식당 앞),방범,1,200,70도,30일,2013-12-01,055-639-3683,34.8911,128.6136,2025-11-04
경상남도 거제시청,장평로 3길 7(다인부동산 앞),방범,1,200,70도,30일,2013-12-01,055-639-3683,34.8905,128.6148,2025-11-04
경상남도 거제시청,사등면 성포리 606,초등학교,4,200,70도,30일,2015-07-01,055-639-3683,34.913,128.516,2025-11-04
경상남도 거제시청,고현동 875,초등학교,4,200,70도,30일,2013-12-01,055-639-3683,34.88811191,128.6171079,2025-11-04
경상남도 거제시청,남부면 저구리 307-2(명사초등학교 앞),어린이보호구역,2,200,70도,30일,2019-08-01,055-639-3683,34.72531111,128.6046944,2025-11-04
경상남도 거제시청,남부면 저구리 248-5(명사초등학교 앞),어린이보호구역,1,200,70도,30일,2019-08-01,055-639-3683,34.72560026,128.6031133,2025-11-04
경상남도 거제시청,능포동 301-29(장미공원 입구),방범,1,200,70도,30일,2013-06-01,055-639-3683,34.8776,128.7351,2025-11-04
경상남도 거제시청,옥수로 26(성수@ 놀이터),방범,1,200,70도,30일,2013-12-01,055-639-3683,34.876,128.7289,2025-11-04
경상남도 거제시청,옥수로 2길 75(센텀사우나 뒷편),방범,1,200,70도,30일,2013-12-01,055-639-3683,34.878,128.7323,2025-11-04
경상남도 거제시청,동부면 학동리 276-5도(학동삼거리),방범,2,200,70도,30일,2013-06-01,055-639-3683,34.7747251,128.6409495,2025-11-04
경상남도 거제시청,상동동 497,초등학교,5,200,70도,30일,2013-06-01,055-639-3683,34.8739,128.6288,2025-11-04
경상남도 거제시청,아주1길 31,방범,1,200,70도,30일,2013-12-01,055-639-3683,34.8659,128.6946,2025-11-04
경상남도 거제시청,아주1로1길 57,방범,1,200,70도,30일,2013-12-01,055-639-3683,34.8656,128.6872,2025-11-04
경상남도 거제시청,고현동 562(고현유치원),어린이보호구역,1,200,70도,30일,2015-10-01,055-639-3683,34.8826,128.6188,2025-11-04
경상남도 거제시청,고현동 1024 신오교 중곡 입구,방범,4,200,70도,30일,2018-11-01,055-639-3683,34.8975,128.63,2025-11-04
경상남도 거제시청,남부면 저구리 637-4 대포크루즈 터미널,방범,4,200,70도,30일,2018-11-01,055-639-3683,34.71475117,128.5857981,2025-11-04
경상남도 거제시청,고현동 1026 대한베네시움아파트 앞 사거리,방범,7,200,70도,30일,2018-11-01,055-639-3683,34.896068,128.62758,2025-11-04
경상남도 거제시청,둔덕면 학산리 160-2 학산경로당 입구,방범,3,200,70도,30일,2018-11-01,055-639-3683,34.8597,128.4799,2025-11-04
경상남도 거제시청,장목면 외포리 57-9 외포 해양경찰서 앞,방범,4,200,70도,30일,2018-11-01,055-639-3683,34.94024609,128.7172972,2025-11-04
경상남도 거제시청,고현동 980(fun fun 공원 #1),도시공원,5,200,70도,30일,2016-12-01,055-639-3683,34.8916052,128.6240123,2025-11-04
경상남도 거제시청,고현동 961(신현농협앞),방범,7,200,70도,30일,2014-12-01,055-639-3683,34.8893,128.6243,2025-11-04
경상남도 거제시청,고현천로 10 고현 버스터미널 내,방범,4,200,70도,30일,2018-11-01,055-639-3683,34.8908,128.624,2025-11-04
경상남도 거제시청,옥포동 566 옥포국제(중앙)시장 사거리,차번인식,2,200,70도,30일,2018-11-01,055-639-3683,34.89362598,128.690197,2025-11-04
경상남도 거제시청,상동동 1009-19(상동초등학교 #1),어린이보호구역,3,200,70도,30일,2015-10-01,055-639-3683,34.862167,128.633529,2025-11-04
경상남도 거제시청,상동동 937(상동초등학교 #2),어린이보호구역,1,200,70도,30일,2015-10-01,055-639-3683,34.861573,128.6336,2025-11-04
경상남도 거제시청,"장평동 236-1, 장평새마을회관 앞 사거리",방범,3,200,70도,30일,2019-10-01,055-639-3683,34.890875,128.609194,2025-11-04
경상남도 거제시청,상동동 931-15(상동초등학교 #3),어린이보호구역,5,200,70도,30일,2015-10-01,055-639-3683,34.860715,128.633756,2025-11-04
경상남도 거제시청,아주동 352-4(아주초등학교),어린이보호구역,2,200,70도,30일,2015-10-01,055-639-3683,34.86398155,128.6924568,2025-11-04
경상남도 거제시청,아주동 1395-5(내곡초등학교),어린이보호구역,2,200,70도,30일,2016-04-01,055-639-3683,34.86965968,128.6791821,2025-11-04
경상남도 거제시청,장승포동 741-1(새장승포교회주변),방범,4,200,70도,30일,2015-07-01,055-639-3683,34.87280094,128.731363,2025-11-04
경상남도 거제시청,아주동 1636-13(내곡초등학교),어린이보호구역,4,200,70도,30일,2015-10-01,055-639-3683,34.87012585,128.67938,2025-11-04
경상남도 거제시청,장승포동 419-10 문화예술회관 교차로,방범,5,200,70도,30일,2018-11-01,055-639-3683,34.866991,128.724503,2025-11-04
경상남도 거제시청,장승포동 261-4도(장승포 도서관 앞),방범,2,200,70도,30일,2013-06-01,055-639-3683,34.869569,128.73117,2025-11-04
경상남도 거제시청,장평동 571-16도(용마빌 옆 원룸촌),방범,2,200,70도,30일,2013-06-01,055-639-3683,34.89258993,128.6028907,2025-11-04
경상남도 거제시청,장평동 665-3,초등학교,4,200,70도,30일,2013-12-01,055-639-3683,34.8909,128.6021,2025-11-04
경상남도 거제시청,능포동 712-11도(문화서적 앞),방범,2,200,70도,30일,2023-06-01,055-639-3683,34.874,128.7309,2025-11-04
경상남도 거제시청,장평동 226도(솔밭공원),방범,2,200,70도,30일,2013-06-01,055-639-3683,34.889011,128.611248,2025-11-04
경상남도 거제시청,아주동 352-4,초등학교,3,200,70도,30일,2013-06-01,055-639-3683,34.8641,128.6932,2025-11-04
경상남도 거제시청,고현동 1048(고현1호 공원 놀이터옆),도시공원,4,200,70도,30일,2019-08-01,055-639-3683,34.8951,128.6306,2025-11-04
경상남도 거제시청,고현동 702-4(고현동 거제시청 앞),주정차단속,1,200,70도,30일,2008-12-01,055-639-3683,34.882,128.6215,2025-11-04
경상남도 거제시청,고현동 988-32(고현동 중곡초등학교),주정차단속,5,200,70도,30일,2009-04-01,055-639-3683,34.89581499,128.6300591,2025-11-04
경상남도 거제시청,일운면 지세포리 지세포배수펌프장,재난관리,5,200,70도,30일,2017-11-01,055-639-3683,34.82738512,128.7088768,2025-11-04
경상남도 거제시청,문동동 601,초등학교,4,200,70도,30일,2012-01-01,055-639-3683,34.8615174,128.6439643,2025-11-04
경상남도 거제시청,고현동 100-2(고현동 고현사거리),주정차단속,4,200,70도,30일,2016-07-01,055-639-3683,34.8869,128.6239,2025-11-04
경상남도 거제시청,고현동 207-2(고현동 거제아동병원 앞 사거리),주정차단속,5,200,70도,30일,2021-05-01,055-639-3683,34.8829961,128.6258901,2025-11-04
경상남도 거제시청,남부면 다대7길 37-1(남부파출소 옥상),해상감시,2,200,70도,30일,2014-07-01,055-639-3683,34.7328,128.6305,2025-11-04
경상남도 거제시청,동부면 학동리 700(전광판 뒤),해상감시,2,200,70도,30일,2014-07-01,055-639-3683,34.7753295,128.6416652,2025-11-04
경상남도 거제시청,양정동 885(제산초등학교 앞),어린이보호구역,7,200,70도,30일,2019-08-01,055-639-3683,34.88794381,128.6422984,2025-11-04
경상남도 거제시청,옥포동 1921(갤러리모텔앞),방범,4,200,70도,30일,2020-05-01,055-639-3683,34.89306269,128.6967149,2025-11-04
경상남도 거제시청,장목면 거제북로 2547(농소해수욕장 화장실 옥상),해상감시,2,200,70도,30일,2014-07-01,055-639-3683,35.0084,128.704,2025-11-04
경상남도 거제시청,장목면 옥포대첩로 1100(외포서목마을회관 지붕),해상감시,2,200,70도,30일,2014-07-01,055-639-3683,34.9565,128.7142,2025-11-04
경상남도 거제시청,장평동 653(양지초등학교 주차장),어린이보호구역,7,200,70도,30일,2019-08-01,055-639-3683,34.89054361,128.6030137,2025-11-04
경상남도 거제시청,옥포동 509-1(옥포동 주공APT 사거리),주정차단속,1,200,70도,30일,2009-06-01,055-639-3683,34.8964,128.6957,2025-11-04
경상남도 거제시청,고현동 165-29(계룡초등학교),방범,7,200,70도,30일,2018-11-01,055-639-3683,34.88041733,128.6260973,2025-11-04
경상남도 거제시청,수월동 1170-1(수월초등학교 부근),어린이보호구역,6,200,70도,30일,2016-08-01,055-639-3683,34.8905,128.643,2025-11-04
경상남도 거제시청,아주동 320-43(아주초등학교),방범,2,200,70도,30일,2018-11-01,055-639-3683,34.865,128.6922,2025-11-04
경상남도 거제시청,장평동 322-15(장평동 장평오거리),주정차단속,5,200,70도,30일,2021-05-01,055-639-3683,34.893142,128.6090192,2025-11-04
경상남도 거제시청,동부면 학동리 580-3 학동해수욕장-학생야영수련원 앞,차번인식,1,200,70도,30일,2018-11-01,055-639-3683,34.77253413,128.638301,2025-11-04
경상남도 거제시청,동부면 학동리 491-5 학동해수욕장-거제몽돌호텔 앞,차번인식,1,200,70도,30일,2018-11-01,055-639-3683,34.7781,128.6397,2025-11-04
경상남도 거제시청,고현동 42-2 고현수협사거리,차번인식,3,200,70도,30일,2018-11-01,055-639-3683,34.887543,128.626318,2025-11-04
경상남도 거제시청,양정동 79-3 양정초등학교 후문삼거리,방범,3,200,70도,30일,2018-11-01,055-639-3683,34.87188879,128.6529414,2025-11-04
경상남도 거제시청,양정동 68-4 양정초등학교 정문,방범,7,200,70도,30일,2018-11-01,055-639-3683,34.87190785,128.6508194,2025-11-04
경상남도 거제시청,"거제면 소랑리 203-1 산달연륙교(차번1, 고정3, 회전1)",방범,5,200,70도,30일,2018-11-01,055-639-3683,34.833705,128.536713,2025-11-04
경상남도 거제시청,장승포동 367-9(해성고등학교정문),방범,3,200,70도,30일,2015-07-01,055-639-3683,34.87060601,128.7222417,2025-11-04
경상남도 거제시청,고현동 982(국민은행사거리),방범,10,200,70도,30일,2015-09-01,055-639-3683,34.88888823,128.6208437,2025-11-04
경상남도 거제시청,장목면 구영리 1080-47(황포마을회관 앞),방범,3,200,70도,30일,2015-09-01,055-639-3683,35.02867851,128.6761826,2025-11-04
경상남도 거제시청,능포동 391(옥수시장),방범,4,200,70도,30일,2015-09-01,055-639-3683,34.87562217,128.7308737,2025-11-04
경상남도 거제시청,옥포동 524-1(옥포동 중앙시장),주정차단속,1,200,70도,30일,2009-04-01,055-639-3683,34.8949,128.6907,2025-11-04
경상남도 거제시청,옥포동 504-1(옥포동 국산사거리),주정차단속,4,200,70도,30일,2009-04-01,055-639-3683,34.89623745,128.6904076,2025-11-04
경상남도 거제시청,장승로 145(거제문화예술회관 2층 야외난간),해상감시,2,200,70도,30일,2014-07-01,055-639-3683,34.8664,128.7239,2025-11-04
경상남도 거제시청,일운면 서이말길 478(마산해양항만청 내),해상감시,2,200,70도,30일,2014-07-01,055-639-3683,34.7874,128.7385,2025-11-04
경상남도 거제시청,장평4로 14(CU편의점),방범,1,200,70도,30일,2013-12-01,055-639-3683,34.88762935,128.6032041,2025-11-04
경상남도 거제시청,거제중앙로20길 13(고현동 고현연립),쓰레기투기감시,1,200,70도,30일,2014-04-01,055-639-3683,34.88637907,128.6253415,2025-11-04
경상남도 거제시청,남부면 여차길12(여차마을회관 옥상),해상감시,1,200,70도,30일,2013-08-01,055-639-3683,34.71452115,128.627172,2025-11-04
경상남도 거제시청,연초면 연사리 1447-1,재난관리,6,200,70도,30일,2017-11-01,055-639-3683,34.89769572,128.6378672,2025-11-04
경상남도 거제시청,고현동 793-11(에덴하우징앞),쓰레기투기감시,1,200,70도,30일,2014-04-01,055-639-3683,34.88573628,128.6211374,2025-11-04
경상남도 거제시청,문동동 598-8 (삼룡초등학교 정문 앞),어린이보호구역,3,200,70도,30일,2022-11-01,055-639-3683,34.86172546,128.6435457,2025-11-04
경상남도 거제시청,일운면 지세포리 1375(일운초등학교(정문)),어린이보호구역,2,200,70도,30일,2019-08-01,055-639-3683,34.8278311,128.7064707,2025-11-04
경상남도 거제시청,장승포동 632(마전초등학교 삼거리),어린이보호구역,2,200,70도,30일,2019-08-01,055-639-3683,34.85914901,128.7211332,2025-11-04
경상남도 거제시청,고현동 1084,재난관리,3,200,70도,30일,2018-11-01,055-639-3683,34.89595082,128.6376669,2025-11-04
경상남도 거제시청,연초면 연사리 1447,재난관리,4,200,70도,30일,2018-11-01,055-639-3683,34.89809589,128.6384432,2025-11-04
경상남도 거제시청,고현동 1073(고현동 1075),재난관리,4,200,70도,30일,2018-11-01,055-639-3683,34.8944281,128.6369593,2025-11-04
경상남도 거제시청,수월동 852-1(수월초등학교),어린이보호구역,3,200,70도,30일,2015-10-01,055-639-3683,34.88953468,128.6437235,2025-11-04
경상남도 거제시청,문동동 481-42 (상동교차로),재난관리,2,200,70도,30일,2018-11-01,055-639-3683,34.8664,128.6403,2025-11-04
경상남도 거제시청,상동동 1005-22 (독봉산웰빙공원 입구),재난관리,4,200,70도,30일,2018-11-01,055-639-3683,34.8774,128.6335,2025-11-04
경상남도 거제시청,고현동 50-1 (고현하이마트 건너편),재난관리,3,200,70도,30일,2018-11-01,055-639-3683,34.8879,128.6267,2025-11-04
경상남도 거제시청,옥포동178 옥포1동(여성경로당 앞 사거리),방범,5,200,70도,30일,2017-06-01,055-639-3683,34.88954237,128.6946817,2025-11-04
경상남도 거제시청,두모동 489-1 (GS-LPG 충전소 입구),재난관리,2,200,70도,30일,2018-11-01,055-639-3683,34.87095276,128.7197346,2025-11-04
경상남도 거제시청,장승포동 657-12 (썬빌 앞),재난관리,3,200,70도,30일,2018-11-01,055-639-3683,34.8674,128.7307,2025-11-04
경상남도 거제시청,일운면 소동리 383-1(소동마을 버스정류소 옆),쓰레기투기감시,1,200,70도,30일,2015-07-01,055-639-3683,34.8391,128.6989,2025-11-04
경상남도 거제시청,옥포2동 510-24(조라인라인 스케이트장 앞),쓰레기투기감시,1,200,70도,30일,2015-07-01,055-639-3683,34.8933,128.6967,2025-11-04
경상남도 거제시청,옥포1동 539-1(옥포초등학교 뒤),쓰레기투기감시,1,200,70도,30일,2015-07-01,055-639-3683,34.892501,128.689431,2025-11-04
경상남도 거제시청,능포동 753-20(수협냉동냉장 앞 삼거리),쓰레기투기감시,1,200,70도,30일,2015-07-01,055-639-3683,34.8844,128.7393,2025-11-04
경상남도 거제시청,고현동 112(성림마을회관),방범,2,200,70도,30일,2020-05-01,055-639-3683,34.8851,128.6239,2025-11-04
경상남도 거제시청,고현동 961-171(오도리횟집앞),방범,4,200,70도,30일,2020-05-01,055-639-3683,34.88730142,128.6216193,2025-11-04
경상남도 거제시청,아주동 460-4(아주농협지소앞),방범,2,200,70도,30일,2020-05-01,055-639-3683,34.8665,128.6929,2025-11-04
경상남도 거제시청,아주로74-1,방범,1,200,70도,30일,2013-12-01,055-639-3683,34.8652,128.687,2025-11-04
경상남도 거제시청,탑곡로2길 11,방범,1,200,70도,30일,2013-12-01,055-639-3683,34.8647,128.6943,2025-11-04
경상남도 거제시청,옥포동 985-3(옥현상가앞),방범,2,200,70도,30일,2020-05-01,055-639-3683,34.89703976,128.6902434,2025-11-04
경상남도 거제시청,국산1길 17,방범,1,200,70도,30일,2013-12-01,055-639-3683,34.8979,128.6923,2025-11-04
경상남도 거제시청,국산7길 14(서강어린이집),방범,1,200,70도,30일,2013-12-01,055-639-3683,34.89831055,128.6940278,2025-11-04
경상남도 거제시청,고현동 1034(포로수용소앞),방범,2,200,70도,30일,2014-12-01,055-639-3683,34.87745888,128.6268031,2025-11-04
경상남도 거제시청,사등면 사곡리 787-8 (모래실 지하통로),재난관리,5,200,70도,30일,2018-11-01,055-639-3683,34.8978,128.5727,2025-11-04
경상남도 거제시청,일운면 와현리 194-2 (예구마을 물양장),재난관리,3,200,70도,30일,2018-11-01,055-639-3683,34.80188762,128.7153904,2025-11-04
경상남도 거제시청,일운면 지세포리 691-2 (회진마을안길),재난관리,4,200,70도,30일,2018-11-01,055-639-3683,34.8281,128.7095,2025-11-04
경상남도 거제시청,해상감시11(동호) 동부면 오송리 337-15번지,해상감시,5,200,70도,30일,2018-11-01,055-639-3683,34.80982056,128.5865083,2025-11-04
경상남도 거제시청,해상감시15(쌍근) 남부면 탑포리 539-1번지,해상감시,4,200,70도,30일,2018-11-01,055-639-3683,34.76425222,128.5839047,2025-11-04
경상남도 거제시청,거제면 기성로 53(거제공설시장),방범,1,200,70도,30일,2015-10-01,055-639-3683,34.85130356,128.5896771,2025-11-04
경상남도 거제시청,고현동 1012(중곡농협앞),방범,4,200,70도,30일,2014-12-01,055-639-3683,34.89382892,128.6280764,2025-11-04
경상남도 거제시청,고현동 961-19(복지매장앞),방범,4,200,70도,30일,2014-12-01,055-639-3683,34.8885,128.6217,2025-11-04
경상남도 거제시청,옥포동 544-5(옥포1동 영진사앞),방범,2,200,70도,30일,2014-12-01,055-639-3683,34.89114268,128.6916223,2025-11-04
경상남도 거제시청,고현동 442-11(청운하이빌 앞),쓰레기투기감시,1,200,70도,30일,2015-07-01,055-639-3683,34.87878617,128.6269393,2025-11-04
경상남도 거제시청,고현동 961-59(M파크 앞),쓰레기투기감시,1,200,70도,30일,2015-07-01,055-639-3683,34.88892177,128.6244856,2025-11-04
경상남도 거제시청,장평동 34-1도(성원 아파트 뒤),쓰레기투기감시,1,200,70도,30일,2015-07-01,055-639-3683,34.892686,128.611289,2025-11-04
경상남도 거제시청,고현동 959(신현초교앞),어린이보호구역,5,200,70도,30일,2014-12-01,055-639-3683,34.88862608,128.6174753,2025-11-04
경상남도 거제시청,연초면 덕치리 산67-3(연초면 덕치고개),쓰레기투기감시,1,200,70도,30일,2015-07-01,055-639-3683,34.94344212,128.6537281,2025-11-04
경상남도 거제시청,옥포동 1936,방범,3,200,70도,30일,2015-07-01,055-639-3683,34.891714,128.695952,2025-11-04
경상남도 거제시청,고현동 41-2(더나은동물메디컬센터 앞),쓰레기투기감시,1,200,70도,30일,2014-04-01,055-639-3683,34.88742439,128.6251409,2025-11-04
경상남도 거제시청,고현동 120-11(화이트캐슬모텔 주차장옆),쓰레기투기감시,1,200,70도,30일,2015-07-01,055-639-3683,34.8846,128.6243,2025-11-04
경상남도 거제시청,고현동 368-6(고현중학교),방범,2,200,70도,30일,2019-08-01,055-639-3683,34.87828379,128.6261695,2025-11-04
경상남도 거제시청,사등면 청곡리 577-3 (들막마을 물양장),재난관리,5,200,70도,30일,2018-11-01,055-639-3683,34.90294346,128.5017326,2025-11-04
경상남도 거제시청,사등면 사곡리 886 (사곡삼거리 지하통로),재난관리,5,200,70도,30일,2018-11-01,055-639-3683,34.8998,128.5638,2025-11-04
경상남도 거제시청,해상감시18(홍포) 남부면 저구리 737-116번지,해상감시,3,200,70도,30일,2018-11-01,055-639-3683,34.70672643,128.600066,2025-11-04
경상남도 거제시청,고현동 968-3(웨딩블랑주변),방범,2,200,70도,30일,2020-05-01,055-639-3683,34.8902,128.6201,2025-11-04
경상남도 거제시청,능포동 391(성수마트~옥수교회골목),방범,2,200,70도,30일,2019-08-01,055-639-3683,34.87786011,128.7308586,2025-11-04
경상남도 거제시청,옥포중앙로 55,방범,1,200,70도,30일,2013-12-01,055-639-3683,34.8963,128.6918,2025-11-04
경상남도 거제시청,장평동 287-3(주공아파트 삼거리),방범,2,200,70도,30일,2019-08-01,055-639-3683,34.890981,128.60753,2025-11-04
경상남도 거제시청,장평동 174(신현 제5어린이공원),도시공원,3,200,70도,30일,2013-11-01,055-639-3683,34.88899637,128.6096141,2025-11-04
경상남도 거제시청,하청면 하청리 661-3(하청초등학교 앞),어린이보호구역,2,200,70도,30일,2019-08-01,055-639-3683,34.95633276,128.6547941,2025-11-04
경상남도 거제시청,장평동 1195-3(대한아파트 뒤편),방범,2,200,70도,30일,2020-05-01,055-639-3683,34.8928,128.6143,2025-11-04
경상남도 거제시청,장평동 95-102(종합상가 뒤),방범,2,200,70도,30일,2020-05-01,055-639-3683,34.89059313,128.6127583,2025-11-04
경상남도 거제시청,옥포동 519-22(옥포초교 뒤),어린이보호구역,2,200,70도,30일,2020-05-01,055-639-3683,34.8929,128.6893,2025-11-04
경상남도 거제시청,옥포동 542-4(옥포성당 부근),방범,2,200,70도,30일,2020-05-01,055-639-3683,34.8924,128.694,2025-11-04
경상남도 거제시청,옥포동 1272-3(진목초교앞),방범,4,200,70도,30일,2015-07-01,055-639-3683,34.90134437,128.6851425,2025-11-04
경상남도 거제시청,고현동 735-2(성호탕앞),방범,2,200,70도,30일,2019-08-01,055-639-3683,34.88400654,128.6226057,2025-11-04
경상남도 거제시청,아주동 352-13(아주초등학교),어린이보호구역,1,200,70도,30일,2015-10-01,055-639-3683,34.86507013,128.6935027,2025-11-04
경상남도 거제시청,장승포동(마전동) 613 마전초등학교,어린이보호구역,1,200,70도,30일,2015-10-01,055-639-3683,34.85949202,128.7211657,2025-11-04
경상남도 거제시청,장승포동(마전동) 613-1 마전초등학교,어린이보호구역,1,200,70도,30일,2015-10-01,055-639-3683,34.85944833,128.7206647,2025-11-04
경상남도 거제시청,둔덕면 술역리 963(숭덕초등학교 #1),어린이보호구역,2,200,70도,30일,2015-10-01,055-639-3683,34.835624,128.496056,2025-11-04
경상남도 거제시청,둔덕면 술역리 103-5(숭덕초등학교 #2),어린이보호구역,1,200,70도,30일,2015-10-01,055-639-3683,34.836087,128.495018,2025-11-04
경상남도 거제시청,둔덕면 하둔리 628-1(방답마을 아래),방범,3,200,70도,30일,2015-12-01,055-639-3683,34.83475219,128.5110249,2025-11-04
경상남도 거제시청,둔덕면 하둔리 520-4(방답마을 위),방범,3,200,70도,30일,2015-12-01,055-639-3683,34.8349,128.5125,2025-11-04
경상남도 거제시청,아주동 575-3(아주터널 교차로(푸르지오방면)),방범,2,200,70도,30일,2016-05-01,055-639-3683,34.86964643,128.6890395,2025-11-04
경상남도 거제시청,아주동 563-2(아주터널 교차로(주민센터방면)),방범,2,200,70도,30일,2016-05-01,055-639-3683,34.869,128.6895,2025-11-04
경상남도 거제시청,고현동 1068-3(거제중앙초등학교 일원),어린이보호구역,5,200,70도,30일,2019-08-01,055-639-3683,34.89467729,128.634803,2025-11-04
경상남도 거제시청,일운면 지세포리 1375(일운초등학교(후문)),어린이보호구역,2,200,70도,30일,2015-10-01,055-639-3683,34.8281548,128.7055641,2025-11-04
경상남도 거제시청,거제면 동상리 535-1(거제초등학교),어린이보호구역,2,200,70도,30일,2015-10-01,055-639-3683,34.85072452,128.5911353,2025-11-04
경상남도 거제시청,옥포동 산71-26(옥포중앙공원),도시공원,3,200,70도,30일,2015-10-01,055-639-3683,34.8941,128.7028,2025-11-04
경상남도 거제시청,옥포동 1978(옥포 제43공원),도시공원,4,200,70도,30일,2015-10-01,055-639-3683,34.89050852,128.696284,2025-11-04
경상남도 거제시청,아주동 1472-4(내곡초등학교),어린이보호구역,2,200,70도,30일,2015-10-01,055-639-3683,34.86974219,128.6793185,2025-11-04
경상남도 거제시청,상동동 369(독봉산웰빙공원),도시공원,3,200,70도,30일,2015-10-01,055-639-3683,34.87822272,128.6336621,2025-11-04
경상남도 거제시청,옥포동 875(옥포 제2근린공원),도시공원,3,200,70도,30일,2015-10-01,055-639-3683,34.9019,128.6971,2025-11-04
경상남도 거제시청,옥포동 881-7(옥포 제4어린이공원),도시공원,1,200,70도,30일,2015-10-01,055-639-3683,34.89651612,128.6976457,2025-11-04
경상남도 거제시청,옥포동 522-5(옥포 제6어린이공원),도시공원,6,200,70도,30일,2015-10-01,055-639-3683,34.8954,128.6949,2025-11-04
경상남도 거제시청,해상감시17(명사) 남부면 저구리 248-11번지,해상감시,3,200,70도,30일,2018-11-01,055-639-3683,34.7268,128.6008,2025-11-04
경상남도 거제시청,해상감시16(근포) 남부면 저구리 489-23번지,해상감시,2,200,70도,30일,2018-11-01,055-639-3683,34.7205,128.5864,2025-11-04
경상남도 거제시청,해상감시14(가배) 동부면 가배리 626-3번지 인근,해상감시,3,200,70도,30일,2018-11-01,055-639-3683,34.78067054,128.5628834,2025-11-04
경상남도 거제시청,해상감시13(수산생물폐사체처리장) 동부면 가배리 880-9번지,해상감시,3,200,70도,30일,2018-11-01,055-639-3683,34.7855,128.5416,2025-11-04
경상남도 거제시청,해상감시12(함박금길 삼거리) 동부면 가배리 산80-235번지,해상감시,3,200,70도,30일,2018-11-01,055-639-3683,34.78686298,128.5458191,2025-11-04
경상남도 거제시청,해상감시10(죽림) 거제면 오수리 1097-4번지,해상감시,3,200,70도,30일,2018-11-01,055-639-3683,34.841,128.5782,2025-11-04
경상남도 거제시청,해상감시9(소랑) 거제면 소랑리 200-17번지,해상감시,3,200,70도,30일,2018-11-01,055-639-3683,34.83161695,128.5391205,2025-11-04
경상남도 거제시청,해상감시8(법동) 거제면 법동리 1123-7번지,해상감시,3,200,70도,30일,2018-11-01,055-639-3683,34.82333317,128.5204343,2025-11-04
경상남도 거제시청,해상감시4(내평) 둔덕면 술역리 750-15번지,해상감시,5,200,70도,30일,2018-11-01,055-639-3683,34.850059,128.478746,2025-11-04
경상남도 거제시청,해상감시7(아지랑마을) 거제면 법동리 1095-1번지,해상감시,3,200,70도,30일,2018-11-01,055-639-3683,34.80930577,128.5158801,2025-11-04
경상남도 거제시청,해상감시6(구바지락살포장입구) 둔덕면 어구리 산 63-1번지,해상감시,3,200,70도,30일,2018-11-01,055-639-3683,34.81268775,128.5099176,2025-11-04
경상남도 거제시청,해상감시5(호곡) 둔덕면 술역리 389-9번지,해상감시,3,200,70도,30일,2018-11-01,055-639-3683,34.8373,128.4905,2025-11-04
경상남도 거제시청,해상감시3(광리) 사등면 덕호리 288-95번지,해상감시,3,200,70도,30일,2018-11-01,055-639-3683,34.8773,128.4731,2025-11-04
경상남도 거제시청,해상감시2(견내량) 사등면 덕호리 55-12번지,해상감시,3,200,70도,30일,2018-11-01,055-639-3683,34.8868,128.4797,2025-11-04
경상남도 거제시청,해상감시1(후포) 사등면 오량리 619-14번지,해상감시,6,200,70도,30일,2018-11-01,055-639-3683,34.89607256,128.4910322,2025-11-04
경상남도 거제시청,수양동 930-8(보건소 삼거리),방범,3,200,70도,30일,2020-05-01,055-639-3683,34.8913,128.6364,2025-11-04
경상남도 거제시청,장평동 771-3 장평기상관측소굴다리 버스정류장 앞,방범,2,200,70도,30일,2020-05-01,055-639-3683,34.88879372,128.6054479,2025-11-04
경상남도 거제시청,아주동 산166-6(아주 공설운동장 옆 통학로),방범,4,200,70도,30일,2013-06-01,055-639-3683,34.8641,128.6902,2025-11-04
경상남도 거제시청,연초면 연사리 1051-5(삼한종합중기앞),방범,2,200,70도,30일,2019-08-01,055-639-3683,34.91188999,128.6435132,2025-11-04
경상남도 거제시청,연초면 송정리 923구(충해공원묘지 입구),방범,1,200,70도,30일,2013-06-01,055-639-3683,34.9152,128.6752,2025-11-04
경상남도 거제시청,옥포2동 884-4도(옥포 주공아파트 입구),방범,2,200,70도,30일,2023-06-01,055-639-3683,34.89783095,128.696318,2025-11-04
경상남도 거제시청,옥포2동 산32-55도(옥포대첩 기념공원 입구),방범,2,200,70도,30일,2013-06-01,055-639-3683,34.9041,128.7039,2025-11-04
경상남도 거제시청,옥포동 1300(진목초등학교 앞),어린이보호구역,4,200,70도,30일,2013-12-01,055-639-3683,34.90079628,128.6841713,2025-11-04
경상남도 거제시청,수월동 581-15(수월마을 입구),방범,3,200,70도,30일,2014-11-01,055-639-3683,34.884932,128.65194,2025-11-04
경상남도 거제시청,능포동 680-14 원마트(대우아파트 골목길),방범,5,200,70도,30일,2020-05-01,055-639-3683,34.87559178,128.7323239,2025-11-04
경상남도 거제시청,옥수로4길 24(구능포동사무소앞),방범,2,200,70도,30일,2019-08-01,055-639-3683,34.87642425,128.7301541,2025-11-04
경상남도 거제시청,옥포동 519(보석청 사우나),방범,4,200,70도,30일,2020-05-01,055-639-3683,34.8957,128.6918,2025-11-04
경상남도 거제시청,수월동 1124-2(수양동 수월사거리),주정차단속,4,200,70도,30일,2016-07-01,055-639-3683,34.8926,128.6412,2025-11-04
경상남도 거제시청,아주동 740-2(아주동 대우 서문 앞),주정차단속,4,200,70도,30일,2016-07-01,055-639-3683,34.875,128.6926,2025-11-04
경상남도 거제시청,고현동 981(고현동 시외버스터미널 앞 7번 교차로),주정차단속,1,200,70도,30일,2019-05-01,055-639-3683,34.89189,128.624481,2025-11-04
경상남도 거제시청,고현동 29-15(고현동 고현천로 버스정류장),주정차단속,1,200,70도,30일,2019-05-01,055-639-3683,34.8889168,128.6254672,2025-11-04
경상남도 거제시청,연초면 오비리 산142-31(신오교삼거리(고현방면)),차번인식,2,200,70도,30일,2016-06-01,055-639-3683,34.8987,128.6258,2025-11-04
경상남도 거제시청,연초면 오비리 산142-93(신오교삼거리(한내방면)),차번인식,1,200,70도,30일,2016-06-01,055-639-3683,34.8987,128.6259,2025-11-04
경상남도 거제시청,연초면 송정리 산140-7(송정거가대로 접속점(연초방면)),차번인식,1,200,70도,30일,2016-06-01,055-639-3683,34.90884922,128.681433,2025-11-04
경상남도 거제시청,연초면 송정리 산140-7(송정거가대로 접속점(고현방면)),차번인식,1,200,70도,30일,2016-06-01,055-639-3683,34.9142,128.6755,2025-11-04
경상남도 거제시청,아주동 576-5(아주터널 출구),방범,4,200,70도,30일,2016-06-01,055-639-3683,34.8691,128.6893,2025-11-04
경상남도 거제시청,문동동 489-28(주민센터 맞은편),방범,4,200,70도,30일,2016-06-01,055-639-3683,34.8681,128.6385,2025-11-04
경상남도 거제시청,거제면 동상리 494(거제밧데리 앞 사거리),방범,5,200,70도,30일,2016-07-01,055-639-3683,34.8496,128.5925,2025-11-04
경상남도 거제시청,고현동959-10 한전 거제지사 앞 사거리,어린이보호구역,4,200,70도,30일,2018-11-01,055-639-3683,34.8897,128.6187,2025-11-04
경상남도 거제시청,장목면 장목리 320-1 장목농협앞 삼거리,어린이보호구역,3,200,70도,30일,2018-11-01,055-639-3683,34.99059648,128.6821815,2025-11-04
경상남도 거제시청,동상리 45-1 CU거제면동상점 앞,어린이보호구역,4,200,70도,30일,2018-11-01,055-639-3683,34.84979301,128.5898539,2025-11-04
경상남도 거제시청,거제면 동상리 535-2 거제농협 앞,어린이보호구역,10,200,70도,30일,2018-11-01,055-639-3683,34.85055684,128.5906651,2025-11-04
경상남도 거제시청,사등면 사등리 863 기성초교 후문,어린이보호구역,3,200,70도,30일,2018-11-01,055-639-3683,34.901591,128.550669,2025-11-04
경상남도 거제시청,"옥포동 870-1(국산초교뒤 놀이터주변, 옥포 제3어린이공원)",방범,5,200,70도,30일,2018-11-01,055-639-3683,34.89729605,128.6942762,2025-11-04
경상남도 거제시청,고현동 908체(인공암장 약수터 앞),방범,3,200,70도,30일,2013-06-01,055-639-3683,34.88290426,128.6166468,2025-11-04
경상남도 거제시청,장승포동 산82-3(거제대학입구),방범,4,200,70도,30일,2020-05-01,055-639-3683,34.855162,128.7199747,2025-11-04
경상남도 거제시청,사등면 사등리 893-4(기성초등학교 앞),어린이보호구역,2,200,70도,30일,2013-12-01,055-639-3683,34.90069722,128.5517944,2025-11-04
경상남도 거제시청,상동동 487(고현초등학교 앞),어린이보호구역,1,200,70도,30일,2018-11-01,055-639-3683,34.874251,128.629392,2025-11-04
경상남도 거제시청,연초면 오비리 1166-26(소오비 사거리),방범,2,200,70도,30일,2013-06-01,055-639-3683,34.8985,128.6299,2025-11-04
경상남도 거제시청,연초면 죽토리 1103-3,방범,2,200,70도,30일,2013-06-01,055-639-3683,34.91528666,128.6550482,2025-11-04
경상남도 거제시청,연초면 다공리 226-4(다공중리삼거리),방범,4,200,70도,30일,2016-07-01,055-639-3683,34.9352,128.6565,2025-11-04
경상남도 거제시청,옥포동 567(오뚜기마트옆),방범,2,200,70도,30일,2020-05-01,055-639-3683,34.8906,128.6907,2025-11-04
경상남도 거제시청,장평동 1203(숯불돼지나라 앞 공원내),도시공원,2,200,70도,30일,2015-07-01,055-639-3683,34.8933,128.6148,2025-11-04
경상남도 거제시청,장평동 380-38 (맘모스앞),방범,2,200,70도,30일,2020-05-01,055-639-3683,34.8933,128.6108,2025-11-04
경상남도 거제시청,고현동 163 계룡초등학교 후문 삼거리,어린이보호구역,3,200,70도,30일,2018-11-01,055-639-3683,34.880701,128.624648,2025-11-04
경상남도 거제시청,일운면 지세포리 1378 회진마을회관 앞,어린이보호구역,3,200,70도,30일,2018-11-01,055-639-3683,34.82743432,128.7079467,2025-11-04
경상남도 거제시청,옥포동 309-1 거제외국인학교 입구,어린이보호구역,3,200,70도,30일,2018-11-01,055-639-3683,34.8887,128.6902,2025-11-04
경상남도 거제시청,장평동 1224 장평어린이집 입구,어린이보호구역,3,200,70도,30일,2018-11-01,055-639-3683,34.8853,128.6077,2025-11-04
경상남도 거제시청,능포동 515-18 럭셔리하우스 주변,방범,2,200,70도,30일,2018-07-01,055-639-3683,34.88236401,128.7352257,2025-11-04
경상남도 거제시청,상동동 220-6(상동동 용산마을),주정차단속,3,200,70도,30일,2018-05-01,055-639-3683,34.8682,128.6356,2025-11-04
경상남도 거제시청,장평동 370-2(장평동 다이소 맞은편),주정차단속,3,200,70도,30일,2018-05-01,055-639-3683,34.89214244,128.6106671,2025-11-04
경상남도 거제시청,남부면 바람의언덕 화장실 옆 편의점,방범,2,200,70도,30일,2017-12-01,055-639-3683,34.74348605,128.6623137,2025-11-04
경상남도 거제시청,일운면구조라타운 삼거리,방범,3,200,70도,30일,2017-10-01,055-639-3683,34.807472,128.6929709,2025-11-04
경상남도 거제시청,CU옥포명성점 사거리,방범,4,200,70도,30일,2017-10-01,055-639-3683,34.89214007,128.6925375,2025-11-04
경상남도 거제시청,장목면 외포리 1384 일대,방범,3,200,70도,30일,2017-10-01,055-639-3683,34.93110604,128.7155378,2025-11-04
경상남도 거제시청,상동동 649-4,방범,2,200,70도,30일,2017-10-01,055-639-3683,34.87224891,128.6304734,2025-11-04
경상남도 거제시청,장평동 58-14(홈플러스 공원내),도시공원,2,200,70도,30일,2015-07-01,055-639-3683,34.89066137,128.615745,2025-11-04
경상남도 거제시청,장평동 692(덕산아내옆 원룸촌),방범,2,200,70도,30일,2020-05-01,055-639-3683,34.887347,128.605281,2025-11-04
경상남도 거제시청,장평동 163-1(장평육교 엘리베이트내),방범,3,200,70도,30일,2012-12-01,055-639-3683,34.8887,128.6092,2025-11-04
경상남도 거제시청,하청면 어온리 582-3(칠천연륙교),방범,3,200,70도,30일,2012-01-01,055-639-3683,34.98106202,128.6451612,2025-11-04
경상남도 거제시청,고현동 1031도(중곡초등학교 후문),방범,2,200,70도,30일,2013-06-01,055-639-3683,34.8951,128.6289,2025-11-04
경상남도 거제시청,고현동 2-13(중곡육교 엘리베이터),방범,2,200,70도,30일,2014-11-01,055-639-3683,34.8926,128.6302,2025-11-04
경상남도 거제시청,고현동 194-3(계룡초등학교),어린이보호구역,3,200,70도,30일,2018-11-01,055-639-3683,34.8815,128.6243,2025-11-04
경상남도 거제시청,장승포동 708(세진마트 인근),방범,2,200,70도,30일,2020-05-01,055-639-3683,34.86746095,128.7258602,2025-11-04
경상남도 거제시청,동부면 산양리 1312-1(산양천 오망천교 옆),재난관리,1,200,70도,30일,2014-07-01,055-639-3683,34.82147612,128.60504,2025-11-04
경상남도 거제시청,상문동 35-7(덕산아파트입구),방범,3,200,70도,30일,2020-05-01,055-639-3683,34.8646904,128.6400421,2025-11-04
경상남도 거제시청,양정동 산8-4(수양동 삼성쉐르빌),주정차단속,3,200,70도,30일,2017-06-01,055-639-3683,34.89053203,128.6354924,2025-11-04
경상남도 거제시청,동부면 산양리 803-5(산양우회도로),방범,4,200,70도,30일,2012-08-01,055-639-3683,34.80720002,128.6020571,2025-11-04
경상남도 거제시청,연하해안로 1712(하청중학교 후문),방범,3,200,70도,30일,2017-06-01,055-639-3683,34.95453059,128.6543246,2025-11-04
경상남도 거제시청,해명로 22(CU수월자이점 사거리),방범,7,200,70도,30일,2017-06-01,055-639-3683,34.8949,128.6429,2025-11-04
경상남도 거제시청,고현동 1032(중곡시장 뒤 서울장식 앞),방범,4,200,70도,30일,2016-07-01,055-639-3683,34.8932,128.6298,2025-11-04
경상남도 거제시청,옥포2동 888-6(혜성아파트 앞 삼거리),방범,4,200,70도,30일,2016-07-01,055-639-3683,34.90059546,128.6964752,2025-11-04
경상남도 거제시청,동부면 산양리 398-1(동부농협 앞),방범,4,200,70도,30일,2016-07-01,055-639-3683,34.82400045,128.606854,2025-11-04
경상남도 거제시청,사등면 오량리 834-2(오량마을입구 삼거리),방범,4,200,70도,30일,2016-07-01,055-639-3683,34.8879,128.4932,2025-11-04
경상남도 거제시청,아주동 754(대우서문 옆),방범,3,200,70도,30일,2016-07-01,055-639-3683,34.876,128.6932,2025-11-04
경상남도 거제시청,연초면 오비리 132-6(소오비 성산종합건설 앞),방범,4,200,70도,30일,2016-07-01,055-639-3683,34.89973299,128.6318941,2025-11-04
경상남도 거제시청,장평동 산80-7(수창아파트 지하통로),방범,5,200,70도,30일,2016-07-01,055-639-3683,34.8897,128.5964,2025-11-04
경상남도 거제시청,일운면 소동리 863(대명리조트 앞 교차로),방범,3,200,70도,30일,2016-07-01,055-639-3683,34.84263957,128.7010879,2025-11-04
경상남도 거제시청,일운면 소동리 511-5(신촌마을회관입구),방범,3,200,70도,30일,2016-07-01,055-639-3683,34.8348,128.6981,2025-11-04
경상남도 거제시청,상동동 481-9(고현초등학교 앞),어린이보호구역,4,200,70도,30일,2019-08-01,055-639-3683,34.874457,128.629,2025-11-04
경상남도 거제시청,연초면 오비리 1164-5(거림빌 뒷골목),방범,2,200,70도,30일,2019-08-01,055-639-3683,34.8997,128.6304,2025-11-04
경상남도 거제시청,연초면 한내리 100-1(한내공단근처),방범,2,200,70도,30일,2020-05-01,055-639-3683,34.92596671,128.6064107,2025-11-04
경상남도 거제시청,옥포동 1299(거제경찰서 인근 도로),방범,2,200,70도,30일,2015-07-01,055-639-3683,34.8992,128.6841,2025-11-04
경상남도 거제시청,옥포동 563(은정형외과앞),방범,2,200,70도,30일,2020-05-01,055-639-3683,34.89455766,128.6922155,2025-11-04
경상남도 거제시청,옥포동 881-7(양지마을),방범,2,200,70도,30일,2020-05-01,055-639-3683,34.89651612,128.6976457,2025-11-04
경상남도 거제시청,덕포5길(덕포동 365-15 근처 덕포해수욕장 화장실 옥상),해상감시,2,200,70도,30일,2014-07-01,055-639-3683,34.91108151,128.7104455,2025-11-04
경상남도 거제시청,일운면 지세포리 929-2(지세포 삼거리),방범,6,200,70도,30일,2019-08-01,055-639-3683,34.8296,128.7039,2025-11-04
경상남도 거제시청,일운면 와현리 294-1(썬비취리조트 맞은편 도로변),해상감시,2,200,70도,30일,2014-07-01,055-639-3683,34.81175902,128.7102431,2025-11-04
경상남도 거제시청,장승포동 309-16(장승포초등학교뒤),방범,2,200,70도,30일,2020-05-01,055-639-3683,34.86980326,128.7280981,2025-11-04
경상남도 거제시청,장평동 95-143(신촌삼거리),방범,2,200,70도,30일,2019-08-01,055-639-3683,34.8898,128.6138,2025-11-04
경상남도 거제시청,고현동 1002-11(J스크린골프장앞),방범,2,200,70도,30일,2020-05-01,055-639-3683,34.8937764,128.6266582,2025-11-04
경상남도 거제시청,고현동 979-2(시외버스터미널부근),방범,2,200,70도,30일,2009-08-01,055-639-3683,34.89041854,128.624815,2025-11-04
경상남도 거제시청,장평로8길 22(장평동 패션모텔),방범,3,200,70도,30일,2017-06-01,055-639-3683,34.89251698,128.6101832,2025-11-04
경상남도 거제시청,옥포동 888-5 (옥포공설운동장 출입구),방범,3,200,70도,30일,2017-06-01,055-639-3683,34.9003,128.6944,2025-11-04
경상남도 거제시청,갈곶리 338-2 (바람의언덕 입구 삼거리),방범,3,200,70도,30일,2017-06-01,055-639-3683,34.7405,128.6619,2025-11-04
경상남도 거제시청,고현동 1024-1(ITS폴) / 고현-0061함체내 설치,재난관리,2,200,70도,30일,2017-11-01,055-639-3683,34.89195129,128.624081,2025-11-04
경상남도 거제시청,거제북로 26-1 (연초농협하나로마트 사거리),방범,4,200,70도,30일,2017-06-01,055-639-3683,34.91388439,128.65557,2025-11-04
경상남도 거제시청,두모길 29 (초원빌라 앞),방범,3,200,70도,30일,2017-06-01,055-639-3683,34.87203809,128.7207325,2025-11-04
경상남도 거제시청,지세포리 298 (선창방파제 앞),방범,3,200,70도,30일,2017-06-01,055-639-3683,34.83388925,128.7156262,2025-11-04
경상남도 거제시청,용소7길10 (아주탑플러스마트 사거리),방범,4,200,70도,30일,2017-06-01,055-639-3683,34.87781507,128.6930444,2025-11-04
경상남도 거제시청,아주1로2길 86(눈높이아주러닝센터 앞),방범,2,200,70도,30일,2017-06-01,055-639-3683,34.86791566,128.6831808,2025-11-04
경상남도 거제시청,덕호리 136-1(구거제대교 아래),방범,5,200,70도,30일,2017-06-01,055-639-3683,34.883296,128.47811,2025-11-04
경상남도 거제시청,옥포동1300(옥포도서관 입구 삼거리),방범,3,200,70도,30일,2017-06-01,055-639-3683,34.8975,128.687,2025-11-04
경상남도 거제시청,능포로16길 66(동편방파제 입구 삼거리),방범,2,200,70도,30일,2017-06-01,055-639-3683,34.88770428,128.7414152,2025-11-04
경상남도 거제시청,장평로1길 22(흙으로도예공방 사거리),방범,5,200,70도,30일,2017-06-01,055-639-3683,34.88945,128.614928,2025-11-04
경상남도 거제시청,아주동 1694-11(아주 제1어린이공원),도시공원,3,200,70도,30일,2015-10-01,055-639-3683,34.8656,128.6897,2025-11-04
경상남도 거제시청,아주동 1679-6(아주 제2어린이공원),도시공원,3,200,70도,30일,2015-10-01,055-639-3683,34.8673,128.6847,2025-11-04
경상남도 거제시청,아주동 1672(아주 제3어린이공원),도시공원,7,200,70도,30일,2015-10-01,055-639-3683,34.86830412,128.6793936,2025-11-04
경상남도 거제시청,아주동 1660-1(아주 제4어린이공원),도시공원,4,200,70도,30일,2015-10-01,055-639-3683,34.8754,128.6904,2025-11-04
경상남도 거제시청,일운면 소동리 250-1(소동 제2어린이공원),도시공원,2,200,70도,30일,2015-10-01,055-639-3683,34.8386,128.6971,2025-11-04
경상남도 거제시청,고현동 1035-1(신현 제9어린이공원),도시공원,2,200,70도,30일,2015-10-01,055-639-3683,34.8775,128.6262,2025-11-04
경상남도 거제시청,장평동 151(신현 제14어린이공원),도시공원,3,200,70도,30일,2015-10-01,055-639-3683,34.888,128.6048,2025-11-04
경상남도 거제시청,장평동 147(장평동 경관녹지),도시공원,3,200,70도,30일,2015-10-01,055-639-3683,34.88658138,128.6051851,2025-11-04
경상남도 거제시청,옥포동 1285(옥포 제1근린 공원),도시공원,2,200,70도,30일,2013-11-01,055-639-3683,34.9,128.6868,2025-11-04
경상남도 거제시청,상동동 482-9(신현 제10어린이 공원),도시공원,5,200,70도,30일,2013-11-01,055-639-3683,34.8749,128.6298,2025-11-04
경상남도 거제시청,장평동 141-1(장평동 덕산아내1차아파트),주정차단속,3,200,70도,30일,2019-04-01,055-639-3683,34.88698215,128.6083065,2025-11-04
경상남도 거제시청,장평동 13-1(장평동 대한아파트),주정차단속,4,200,70도,30일,2017-06-01,055-639-3683,34.8929,128.6133,2025-11-04
경상남도 거제시청,고현동 979-2(고현버스터미널),주정차단속,4,200,70도,30일,2017-06-01,055-639-3683,34.8907,128.6247,2025-11-04
경상남도 거제시청,사등면 사등리 887,초등학교,4,200,70도,30일,2015-07-01,055-639-3683,34.9015,128.5509,2025-11-04
경상남도 거제시청,장평동 145(장평쌈지공원),도시공원,3,200,70도,30일,2016-12-01,055-639-3683,34.8862,128.6074,2025-11-04
경상남도 거제시청,옥포동 536-39(옥포 제8어린이 공원),도시공원,3,200,70도,30일,2013-11-01,055-639-3683,34.8929,128.69,2025-11-04
경상남도 거제시청,옥포동 541-11(옥포 제9어린이 공원),도시공원,2,200,70도,30일,2013-11-01,055-639-3683,34.893,128.6932,2025-11-04
경상남도 거제시청,아주동 1665번지(태진빌 앞),방범,2,200,70도,30일,2016-12-01,055-639-3683,34.87486479,128.6898681,2025-11-04
경상남도 거제시청,아주동 1665 (세븐일레븐 골목),방범,3,200,70도,30일,2016-12-01,055-639-3683,34.874998,128.689556,2025-11-04
경상남도 거제시청,일운면 지세포리 746-10(일운초후문-바닷가쪽),어린이보호구역,3,200,70도,30일,2016-12-01,055-639-3683,34.82896496,128.7065886,2025-11-04
경상남도 거제시청,고현동 산97(신촌삼거리 공원),도시공원,3,200,70도,30일,2016-12-01,055-639-3683,34.88837834,128.6152285,2025-11-04
경상남도 거제시청,거제면 서정리 서정배수펌프장,재난관리,4,200,70도,30일,2024-06-01,055-639-3683,34.85038141,128.5826199,2025-11-04
경상남도 거제시청,양정동 1015-1(수양어린이집 입구),어린이보호구역,3,200,70도,30일,2016-12-01,055-639-3683,34.88810246,128.6460403,2025-11-04
경상남도 거제시청,사등면 창호리 산58-1(숲이있는어린이집 뒤),어린이보호구역,3,200,70도,30일,2016-12-01,055-639-3683,34.933,128.5237,2025-11-04
경상남도 거제시청,장승포동 521-47(애광원 입구),어린이보호구역,3,200,70도,30일,2016-12-01,055-639-3683,34.86680309,128.7225941,2025-11-04
경상남도 거제시청,장평동 635-4(양지초등학교 삼거리),어린이보호구역,3,200,70도,30일,2016-12-01,055-639-3683,34.891413,128.603931,2025-11-04
경상남도 거제시청,옥포동 1840(옥포유치원-롯데마트사거리),어린이보호구역,3,200,70도,30일,2016-12-01,055-639-3683,34.8898,128.6904,2025-11-04
경상남도 거제시청,하청면 연구리 426-7(칠천초등학교앞 삼거리),어린이보호구역,3,200,70도,30일,2016-12-01,055-639-3683,34.982503,128.625122,2025-11-04
경상남도 거제시청,연초면 송정리 541(송정초등학교 후문),어린이보호구역,2,200,70도,30일,2016-12-01,055-639-3683,34.91756163,128.6735478,2025-11-04
경상남도 거제시청,덕포동 108-15(덕포어린이집 입구),어린이보호구역,3,200,70도,30일,2016-12-01,055-639-3683,34.9136,128.7117,2025-11-04
경상남도 거제시청,능포동 633-72(옥수어린이집 후문),어린이보호구역,3,200,70도,30일,2016-12-01,055-639-3683,34.8763,128.7292,2025-11-04
경상남도 거제시청,장승포동 587-3(마전초등학교-민원센터안내판앞),어린이보호구역,3,200,70도,30일,2016-12-01,055-639-3683,34.860353,128.722228,2025-11-04
경상남도 거제시청,아주동 295-9,초등학교,3,200,70도,30일,2015-07-01,055-639-3683,34.8608,128.6855,2025-11-04
경상남도 거제시청,연초면 송정리 266-3(아주판넬 인근),쓰레기투기감시,1,200,70도,30일,2014-05-01,055-639-3683,34.9106,128.6816,2025-11-04
경상남도 거제시청,연초면 죽토리 1114-9(연초면 관암마을 입구),방범,1,200,70도,30일,2014-05-01,055-639-3683,34.91420428,128.654478,2025-11-04
경상남도 거제시청,고현동 1061도(중곡동 덕산2차 아파트 앞 사거리),방범,2,200,70도,30일,2014-05-01,055-639-3683,34.89620565,128.6355562,2025-11-04
경상남도 거제시청,능포동 391도(능포동 능수탕 인근),방범,3,200,70도,30일,2014-05-01,055-639-3683,34.88028447,128.7346916,2025-11-04
경상남도 거제시청,사등면 사등리 422-1도(사등리 성내마을 입구),방범,2,200,70도,30일,2014-05-01,055-639-3683,34.904,128.5525,2025-11-04
경상남도 거제시청,장평동 59-6(디큐브 백화점 앞 횡단보도 인근),방범,2,200,70도,30일,2014-05-01,055-639-3683,34.8904,128.6165,2025-11-04
경상남도 거제시청,상동동 369(독봉산웰빙공원-공연장앞),도시공원,2,200,70도,30일,2016-12-01,055-639-3683,34.87707282,128.6350274,2025-11-04
경상남도 거제시청,상동동 927-10(상동3소공원),도시공원,3,200,70도,30일,2016-12-01,055-639-3683,34.8602,128.6312,2025-11-04
경상남도 거제시청,거제면 서상리 243-1(거제근린공원),도시공원,3,200,70도,30일,2016-12-01,055-639-3683,34.85320149,128.5923596,2025-11-04
경상남도 거제시청,문동동 137-2(세종유치원 입구),어린이보호구역,3,200,70도,30일,2016-12-01,055-639-3683,34.8554,128.6505,2025-11-04
경상남도 거제시청,수월동 산90(이솝유치원앞),어린이보호구역,3,200,70도,30일,2016-12-01,055-639-3683,34.89426837,128.6615707,2025-11-04
경상남도 거제시청,아주동 1248-6(장흥사유치원뒤),어린이보호구역,3,200,70도,30일,2016-12-01,055-639-3683,34.86533468,128.6845226,2025-11-04
경상남도 거제시청,장승포동 565-12(성균관유치원앞),어린이보호구역,3,200,70도,30일,2016-12-01,055-639-3683,34.8612,128.7227,2025-11-04
경상남도 거제시청,장평동 697(새들유치원),어린이보호구역,7,200,70도,30일,2016-12-01,055-639-3683,34.88804926,128.6063652,2025-11-04
경상남도 거제시청,수월동 131-5(미래숲유치원 입구삼거리),어린이보호구역,3,200,70도,30일,2016-12-01,055-639-3683,34.8924,128.6541,2025-11-04
경상남도 거제시청,연초면 오비리 681-3(오비초등학교 입구삼거리),어린이보호구역,3,200,70도,30일,2016-12-01,055-639-3683,34.920669,128.622655,2025-11-04
경상남도 거제시청,고현동 755-49(성미유치원-고현성당앞),방범,3,200,70도,30일,2016-12-01,055-639-3683,34.88497529,128.6219221,2025-11-04
경상남도 거제시청,장승포동 540-14(마전어린이집 후문),어린이보호구역,3,200,70도,30일,2016-12-01,055-639-3683,34.86202658,128.7234243,2025-11-04
경상남도 거제시청,고현동 505-18(동그라미유치원 입구),어린이보호구역,3,200,70도,30일,2016-12-01,055-639-3683,34.877909,128.621617,2025-11-04
경상남도 거제시청,상동동 369(독봉산웰빙공원-아델하임옆),도시공원,2,200,70도,30일,2016-12-01,055-639-3683,34.87586463,128.6355158,2025-11-04
경상남도 거제시청,사등면 사곡리 832-24(두동소공원),도시공원,3,200,70도,30일,2016-12-01,055-639-3683,34.8932,128.569,2025-11-04
경상남도 거제시청,거제면 동상리 675도(거제면 동상 사거리),방범,2,200,70도,30일,2014-05-01,055-639-3683,34.84704639,128.5942498,2025-11-04
경상남도 거제시청,일운면 지세포리 948-4(지세포 중학교 앞 사거리),방범,3,200,70도,30일,2023-05-01,055-639-3683,34.82885051,128.7028181,2025-11-04
경상남도 거제시청,일운면 와현리 425-1도(와현 마을회관 앞),방범,1,200,70도,30일,2014-05-01,055-639-3683,34.8138,128.7061,2025-11-04
경상남도 거제시청,고현동 755-41도 (고현성당 고현시장 사이),방범,4,200,70도,30일,2014-05-01,055-639-3683,34.88535821,128.6228696,2025-11-04
경상남도 거제시청,남부면 탑포리 산 70-1도(탑포 삼거리),방범,2,200,70도,30일,2014-05-01,055-639-3683,34.76874269,128.6019543,2025-11-04
경상남도 거제시청,장승포동 706(신 대구탕 앞 사거리),방범,2,200,70도,30일,2014-05-01,055-639-3683,34.8681,128.7273,2025-11-04
경상남도 거제시청,능포동 470-4도(능포동 테니스장 앞),방범,2,200,70도,30일,2014-05-01,055-639-3683,34.8823,128.7381,2025-11-04
경상남도 거제시청,연초면 오비리 1148-3도(GS오비 주유소 맞은편),방범,3,200,70도,30일,2014-05-01,055-639-3683,34.91286391,128.6193937,2025-11-04
경상남도 거제시청,하청면 하청리 673-13도(하청 삼거리),방범,2,200,70도,30일,2014-05-01,055-639-3683,34.9533,128.6552,2025-11-04
경상남도 거제시청,옥포2동 산216-33도(옥포고등학교 앞),방범,2,200,70도,30일,2014-05-01,055-639-3683,34.9046,128.6856,2025-11-04
경상남도 거제시청,연초면 연사리 234-5도(연사 삼거리 인근마을),방범,1,200,70도,30일,2014-05-01,055-639-3683,34.9094,128.6455,2025-11-04
경상남도 거제시청,문동동 318-6도(상문 고등학교 후문 인근),방범,2,200,70도,30일,2014-08-01,055-639-3683,34.86234581,128.6477238,2025-11-04
경상남도 거제시청,문동동 284-1도(상문 고등학교 정문 인근),방범,3,200,70도,30일,2014-08-01,055-639-3683,34.86229353,128.6460835,2025-11-04
경상남도 거제시청,양정동 818,초등학교,4,200,70도,30일,2011-09-01,055-639-3683,34.8874,128.6417,2025-11-04
경상남도 거제시청,능포동 561-13(영신맨션앞사거리),쓰레기투기감시,1,200,70도,30일,2014-05-01,055-639-3683,34.8844,128.7359,2025-11-04
경상남도 거제시청,장승포동 690,쓰레기투기감시,1,200,70도,30일,2014-05-01,055-639-3683,34.86220958,128.7255544,2025-11-04
경상남도 거제시청,사등면 사곡리 832-21(두동근린공원),도시공원,3,200,70도,30일,2016-12-01,055-639-3683,34.8931,128.5672,2025-11-04
경상남도 거제시청,능포동 120-4(양지암조각공원 입구),도시공원,4,200,70도,30일,2016-12-01,055-639-3683,34.87717552,128.7373844,2025-11-04
경상남도 거제시청,상동동 930(상동1소공원),도시공원,4,200,70도,30일,2016-12-01,055-639-3683,34.8623,128.6327,2025-11-04
경상남도 거제시청,상동동 927-5(상동4소공원),도시공원,3,200,70도,30일,2016-12-01,055-639-3683,34.8613,128.6307,2025-11-04
경상남도 거제시청,일운면 와현리 360(매미공원-와현해수욕장 내),도시공원,3,200,70도,30일,2016-12-01,055-639-3683,34.8135,128.7078,2025-11-04
경상남도 거제시청,거제면 동상리 364(반곡서원),문화재관리,5,200,70도,30일,2014-06-01,055-639-3683,34.85217702,128.5958689,2025-11-04
경상남도 거제시청,거제면 서정리 626(거제향교),문화재관리,6,200,70도,30일,2014-06-01,055-639-3683,34.8525522,128.5897715,2025-11-04
경상남도 거제시청,장목면 장목리 219-18(장목진객사),문화재관리,2,200,70도,30일,2014-06-01,055-639-3683,34.985,128.6789,2025-11-04
경상남도 거제시청,장승포동(마전동) 613,초등학교,3,200,70도,30일,2013-06-01,055-639-3683,34.8595,128.7205,2025-11-04
경상남도 거제시청,고현동 598-1(계룡유치원),어린이보호구역,2,200,70도,30일,2015-10-01,055-639-3683,34.88416816,128.6200993,2025-11-04
경상남도 거제시청,장평 655-2(한마음유치원),어린이보호구역,2,200,70도,30일,2015-10-01,055-639-3683,34.8903,128.601,2025-11-04
경상남도 거제시청,장평동 348(장평초등학교),어린이보호구역,2,200,70도,30일,2015-10-01,055-639-3683,34.89279139,128.6075454,2025-11-04
경상남도 거제시청,옥포동 302-3(옥포유치원),어린이보호구역,3,200,70도,30일,2016-04-01,055-639-3683,34.88940993,128.689543,2025-11-04
경상남도 거제시청,상동동 71-9(상동초등학교),어린이보호구역,2,200,70도,30일,2016-04-01,055-639-3683,34.86293984,128.6355611,2025-11-04
경상남도 거제시청,고현동 164(계룡초등학교(정문)),어린이보호구역,4,200,70도,30일,2016-04-01,055-639-3683,34.880869,128.625904,2025-11-04
경상남도 거제시청,고현동 164(계룡초등학교),어린이보호구역,2,200,70도,30일,2016-04-01,055-639-3683,34.881433,128.625078,2025-11-04
경상남도 거제시청,고현동 996(중곡초등학교),어린이보호구역,3,200,70도,30일,2016-04-01,055-639-3683,34.8944559,128.6302355,2025-11-04
경상남도 거제시청,장평1로 53(CU편의점),방범,1,200,70도,30일,2013-12-01,055-639-3683,34.8945,128.6145,2025-11-04
경상남도 거제시청,장평3로 5길 5(장평주공1차 뒷편),방범,1,200,70도,30일,2013-12-01,055-639-3683,34.891,128.6088,2025-11-04
경상남도 거제시청,장평동 112-8(덕산아내1차 앞),방범,1,200,70도,30일,2013-12-01,055-639-3683,34.8868,128.6091,2025-11-04
경상남도 거제시청,장평동 85(영지식당앞),방범,8,200,70도,30일,2014-12-01,055-639-3683,34.88974556,128.6106949,2025-11-04
경상남도 거제시청,옥포동 1294-8(옥포 제1어린이 공원),도시공원,1,200,70도,30일,2013-11-01,055-639-3683,34.89672936,128.6886965,2025-11-04
경상남도 거제시청,옥포동 517-3(옥포 제7어린이 공원),도시공원,1,200,70도,30일,2013-11-01,055-639-3683,34.8951,128.6879,2025-11-04
경상남도 거제시청,옥포동 552-8(옥포 제10어린이 공원),도시공원,1,200,70도,30일,2019-08-01,055-639-3683,34.8888,128.6927,2025-11-04
경상남도 거제시청,사등면 덕호리 16-2도(오량초 후문 인근 마을),방범,2,200,70도,30일,2014-05-01,055-639-3683,34.88644,128.480655,2025-11-04
경상남도 거제시청,장승포동 675(무학빌라 인근),방범,1,200,70도,30일,2014-09-01,055-639-3683,34.86145003,128.7241135,2025-11-04
경상남도 거제시청,수양동 1092-10도(수월 자이 아파트 후문 인근),방범,2,200,70도,30일,2014-05-01,055-639-3683,34.89126475,128.6430466,2025-11-04
경상남도 거제시청,아주동 1708(아주대동다숲1단지 입구사거리),방범,4,200,70도,30일,2015-07-01,055-639-3683,34.8688,128.682,2025-11-04
경상남도 거제시청,사등면 지석리 1065-2(사등초등학교 인근),어린이보호구역,2,200,70도,30일,2015-01-01,055-639-3683,34.90983133,128.5161032,2025-11-04
경상남도 거제시청,옥포동 539-1(옥포초등학교 정문 인근),어린이보호구역,2,200,70도,30일,2015-01-01,055-639-3683,34.89163319,128.6897766,2025-11-04
경상남도 거제시청,거제면 옥산리 393-1(옥산마을사거리),방범,5,200,70도,30일,2015-07-01,055-639-3683,34.8722554,128.5741538,2025-11-04
경상남도 거제시청,거제면 732-1(서정어린이공원),도시공원,2,200,70도,30일,2015-07-01,055-639-3683,34.84903451,128.5878593,2025-11-04
경상남도 거제시청,고현동 127-1(신현맨션 앞 사거리),방범,2,200,70도,30일,2015-07-01,055-639-3683,34.8835,128.6232,2025-11-04
경상남도 거제시청,남부면 292-2(도장포유람선터미널),방범,2,200,70도,30일,2015-07-01,055-639-3683,34.7417574,128.662186,2025-11-04
경상남도 거제시청,남부면 갈곶리 90-2(해금강주차장입구),방범,2,200,70도,30일,2015-07-01,055-639-3683,34.73845866,128.6738895,2025-11-04
경상남도 거제시청,동부면 363-4(동부보건지소앞),방범,2,200,70도,30일,2015-07-01,055-639-3683,34.82224848,128.6072872,2025-11-04
경상남도 거제시청,둔덕면 102-1(산방산비원 입구),방범,2,200,70도,30일,2015-07-01,055-639-3683,34.8586992,128.526918,2025-11-04
경상남도 거제시청,아주동 1194-6(해와루아파트입구사거리),방범,3,200,70도,30일,2015-07-01,055-639-3683,34.86471348,128.6869101,2025-11-04
경상남도 거제시청,연초면 725-4(연초중학교입구),방범,3,200,70도,30일,2015-07-01,055-639-3683,34.9138,128.6593,2025-11-04
경상남도 거제시청,연초면 564-1(한내마을입구),방범,3,200,70도,30일,2015-07-01,055-639-3683,34.9327,128.6006,2025-11-04
경상남도 거제시청,옥포2동 888-4(석천아트타운입구),방범,3,200,70도,30일,2015-07-01,055-639-3683,34.89856663,128.6945115,2025-11-04
경상남도 거제시청,고현동 1000(신현 제3어린이 공원),도시공원,2,200,70도,30일,2013-11-01,055-639-3683,34.8943,128.6278,2025-11-04
경상남도 거제시청,고현동 1064(덕산2차 아파트 앞 공원),도시공원,2,200,70도,30일,2013-11-01,055-639-3683,34.8966,128.6367,2025-11-04
경상남도 거제시청,고현동 968-1(신현 제1어린이 공원),도시공원,1,200,70도,30일,2013-11-01,055-639-3683,34.88941339,128.6196261,2025-11-04
경상남도 거제시청,연초면 오비5길 21(오비초등학교 정문 앞),어린이보호구역,3,200,70도,30일,2014-11-01,055-639-3683,34.9221,128.6222,2025-11-04
경상남도 거제시청,하청면 칠천로 372(칠천초등학교 정문 옆),어린이보호구역,2,200,70도,30일,2014-11-01,055-639-3683,34.9843,128.6245,2025-11-04
경상남도 거제시청,장목면 거제북로 1220(장목초 정문 앞),어린이보호구역,3,200,70도,30일,2014-11-01,055-639-3683,34.9917343,128.6818322,2025-11-04
경상남도 거제시청,거제면 외간옥산 1길 10(외간초등학교 입구),어린이보호구역,1,200,70도,30일,2014-11-01,055-639-3683,34.85889491,128.5760814,2025-11-04
경상남도 거제시청,동부면 율포4길 1(동부초 율포분교 정문 앞),어린이보호구역,2,200,70도,30일,2014-11-01,055-639-3683,34.7786,128.5948,2025-11-04
경상남도 거제시청,동부면 동부로 27(동부초 정문 앞),어린이보호구역,2,200,70도,30일,2014-11-01,055-639-3683,34.8208,128.6094,2025-11-04
경상남도 거제시청,장목면 외포5길 7(외포초등학교 정문 앞),어린이보호구역,3,200,70도,30일,2014-11-01,055-639-3683,34.9428,128.7168,2025-11-04
경상남도 거제시청,연초면 거제대로 4280(연초초등학교 정문 앞),어린이보호구역,2,200,70도,30일,2014-11-01,055-639-3683,34.9117,128.652,2025-11-04
경상남도 거제시청,사등면 거제남서로 5405(오량초등학교 정문 앞),어린이보호구역,1,200,70도,30일,2014-11-01,055-639-3683,34.88624638,128.4831222,2025-11-04
경상남도 거제시청,장승포동 313(장승포초등학교(후문)),어린이보호구역,3,200,70도,30일,2016-04-01,055-639-3683,34.87017818,128.7291149,2025-11-04
경상남도 거제시청,장승포동 320-5(장승포초등학교(정문)),어린이보호구역,3,200,70도,30일,2016-04-01,055-639-3683,34.86869939,128.7292745,2025-11-04
경상남도 거제시청,능포동 440(능포초등학교 정문 앞),어린이보호구역,2,200,70도,30일,2019-08-01,055-639-3683,34.88073831,128.7358705,2025-11-04
경상남도 거제시청,능포동 763-9(능포초등학교),어린이보호구역,3,200,70도,30일,2016-04-01,055-639-3683,34.88166304,128.7365649,2025-11-04
경상남도 거제시청,아주동 463-15(아주동 신협 앞),주정차단속,4,200,70도,30일,2021-05-01,055-639-3683,34.8677,128.6929,2025-11-04
경상남도 거제시청,둔덕면 681-1(하둔삼거리),방범,2,200,70도,30일,2015-07-01,055-639-3683,34.8357,128.504,2025-11-04
경상남도 거제시청,사등면 산58-23(언양고개(정상아래300m)),방범,2,200,70도,30일,2015-07-01,055-639-3683,34.88337644,128.5401036,2025-11-04
경상남도 거제시청,사등면 1070-4(계도체험마을앞),방범,2,200,70도,30일,2015-07-01,055-639-3683,34.97440185,128.517771,2025-11-04
경상남도 거제시청,상문동 684-15(변전소앞),방범,2,200,70도,30일,2015-07-01,055-639-3683,34.871363,128.631507,2025-11-04
경상남도 거제시청,사등면 483-1(성내마을 기사식당옆),쓰레기투기감시,2,200,70도,30일,2015-07-01,055-639-3683,34.90305042,128.5540033,2025-11-04
경상남도 거제시청,사등면 거제남서로 5405(오량초등학교 후문 앞),어린이보호구역,1,200,70도,30일,2014-11-01,055-639-3683,34.88672135,128.4817695,2025-11-04
경상남도 거제시청,사등면 성포로 21(사등초등학교 정문 앞),어린이보호구역,2,200,70도,30일,2014-11-01,055-639-3683,34.912901,128.516603,2025-11-04
경상남도 거제시청,거제면 외간옥산 1길 10(외간초등학교 정문 앞),어린이보호구역,2,200,70도,30일,2014-11-01,055-639-3683,34.85943812,128.5753951,2025-11-04
경상남도 거제시청,수양동 990-9(삼성디지털프라자앞),방범,3,200,70도,30일,2015-07-01,055-639-3683,34.89191919,128.6393005,2025-11-04
경상남도 거제시청,장승포동(마전동) 550-28(윤계공원),도시공원,2,200,70도,30일,2015-07-01,055-639-3683,34.86010631,128.7273578,2025-11-04
경상남도 거제시청,수양동 1187(주작골 입구),방범,2,200,70도,30일,2015-07-01,055-639-3683,34.89432394,128.6604551,2025-11-04
경상남도 거제시청,고현동 867-18(신현초등학교 롯데인벤스 정문 인근),어린이보호구역,2,200,70도,30일,2015-01-01,055-639-3683,34.888477,128.61959,2025-11-04
경상남도 거제시청,옥포동 919(국산초등학교 정문 앞),어린이보호구역,2,200,70도,30일,2015-01-01,055-639-3683,34.8969,128.6926,2025-11-04
경상남도 거제시청,옥포동 506(국산초등학교 주차장 입구 앞),어린이보호구역,3,200,70도,30일,2015-01-01,055-639-3683,34.89638879,128.6932017,2025-11-04
경상남도 거제시청,장평동 653(양지초등학교 후문 앞),어린이보호구역,1,200,70도,30일,2015-01-01,055-639-3683,34.89067031,128.6018004,2025-11-04
경상남도 거제시청,"장평동 7-7(윤기사 오토바이, 장평초교앞)",방범,2,200,70도,30일,2018-11-01,055-639-3683,34.892593,128.606683,2025-11-04
경상남도 거제시청,"동부면 율포리 626-1, 동부초교 율포분교 후문",방범,2,200,70도,30일,2019-10-01,055-639-3683,34.77825848,128.5937973,2025-11-04
경상남도 거제시청,"남부면 탑포리 391-9, 탑포마을회관 앞",방범,3,200,70도,30일,2019-10-01,055-639-3683,34.763066,128.597992,2025-11-04
경상남도 거제시청,"상동동 77-13, SK뷰-힐스테이트 굴다리",방범,2,200,70도,30일,2019-10-01,055-639-3683,34.864407,128.637486,2025-11-04
경상남도 거제시청,"옥포동 1980, 옥포항 수변공원",방범,2,200,70도,30일,2019-10-01,055-639-3683,34.88952044,128.6960383,2025-11-04
경상남도 거제시청,"장목면 관포리 110-1, 두모몽돌 해수욕장",방범,3,200,70도,30일,2019-10-01,055-639-3683,34.98031301,128.6947638,2025-11-04
경상남도 거제시청,"아주동 713-5, 아주어린이집 앞 사거리",방범,4,200,70도,30일,2019-10-01,055-639-3683,34.874695,128.690589,2025-11-04
경상남도 거제시청,"장평동 1207, 대명오토바이 사거리",방범,4,200,70도,30일,2019-10-01,055-639-3683,34.894051,128.61428,2025-11-04
경상남도 거제시청,"망치리 647-2, 양화마을 버스정류장 앞",방범,2,200,70도,30일,2019-10-01,055-639-3683,34.79564185,128.6628624,2025-11-04
경상남도 거제시청,능포동 564-25(능포항 수변공원),방범,9,200,70도,30일,2018-11-01,055-639-3683,34.88709387,128.734617,2025-11-04
경상남도 거제시청,"고현동 978-8, 홍콩반점 고현터미널점 주변",주정차단속,4,200,70도,30일,2019-12-01,055-639-3683,34.890008,128.623965,2025-11-04
경상남도 거제시청,"고현동 977-1, 고현공영주차장뒤 주변",주정차단속,2,200,70도,30일,2019-12-01,055-639-3683,34.890932,128.622581,2025-11-04
경상남도 거제시청,"고현동 977-1, 고현공영주차장앞 주변",주정차단속,2,200,70도,30일,2019-12-01,055-639-3683,34.8904057,128.6226622,2025-11-04
경상남도 거제시청,거제면 서정리 849-1도(거제면방면),차번인식,1,200,70도,30일,2013-06-01,055-639-3683,34.858184,128.584889,2025-11-04
경상남도 거제시청,거제면 서정리 849-1도(고현방면),차번인식,1,200,70도,30일,2013-06-01,055-639-3683,34.858246,128.585061,2025-11-04
경상남도 거제시청,장평동 산83-10도(장진주유소 앞 통영방면),차번인식,2,200,70도,30일,2013-06-01,055-639-3683,34.889315,128.599248,2025-11-04
경상남도 거제시청,연초면 송정리 303-1(송정IC진출구 부산->옥포),차번인식,1,200,70도,30일,2012-08-01,055-639-3683,34.91383907,128.6761808,2025-11-04
경상남도 거제시청,연초면 송정리 산253-1(송정IC진입 옥포->부산),차번인식,1,200,70도,30일,2012-08-01,055-639-3683,34.9103,128.681007,2025-11-04
경상남도 거제시청,연초면 송정리 660(송정IC진출구 부산->시청),차번인식,1,200,70도,30일,2012-08-01,055-639-3683,34.913817,128.677501,2025-11-04
경상남도 거제시청,연초면 송정리 660(송정IC진입구 시청->부산),차번인식,1,200,70도,30일,2012-08-01,055-639-3683,34.911907,128.679612,2025-11-04
경상남도 거제시청,둔덕면 술역리 45-1(숭덕초등학교 앞),차번인식,2,200,70도,30일,2012-08-01,055-639-3683,34.836087,128.495018,2025-11-04
경상남도 거제시청,아주동 754(SK서문주유소 앞 옥포-장승포방향),차번인식,2,200,70도,30일,2012-09-01,055-639-3683,34.877248,128.693608,2025-11-04
경상남도 거제시청,아주동 754(장승포-옥포방향),차번인식,2,200,70도,30일,2012-01-01,055-639-3683,34.877206,128.693763,2025-11-04
경상남도 거제시청,일운면 옥림리 산91-1,차번인식,2,200,70도,30일,2012-01-01,055-639-3683,34.852779,128.717878,2025-11-04
경상남도 거제시청,"남부면 저구리 산 43-36(주유소, 저구사거리)",차번인식,2,200,70도,30일,2010-05-01,055-639-3683,34.72995428,128.6138722,2025-11-04
경상남도 거제시청,"문동동 601(삼룡초등학교 정문 앞, 차번)",차번인식,1,200,70도,30일,2010-05-01,055-639-3683,34.86108399,128.644032,2025-11-04
경상남도 거제시청,사등면 창호리 2030(가조연륙교),차번인식,2,200,70도,30일,2010-05-01,055-639-3683,34.9294,128.527244,2025-11-04
경상남도 거제시청,사등면 사등리 321-1(사곡삼거리 고현방향),차번인식,1,200,70도,30일,2010-02-01,055-639-3683,34.902147,128.556694,2025-11-04
경상남도 거제시청,사등면 사등리 321-1(사곡삼거리 통영방향),차번인식,1,200,70도,30일,2010-02-01,055-639-3683,34.902301,128.556846,2025-11-04
경상남도 거제시청,거제면 서정리 875-2(굿뉴스요양병원),차번인식,2,200,70도,30일,2012-02-01,055-639-3683,34.8571393,128.581856,2025-11-04
경상남도 거제시청,아양동 91-1(대우동문 옥포방향),차번인식,1,200,70도,30일,2012-02-01,055-639-3683,34.865257,128.713427,2025-11-04
경상남도 거제시청,아양동 91-1(대우동문 장승포방향),차번인식,1,200,70도,30일,2012-02-01,055-639-3683,34.86551,128.713813,2025-11-04
경상남도 거제시청,경상남도 거제시 장목면 송진포리 산 49-9(거제방향),차번인식,2,200,70도,30일,2013-08-01,055-639-3683,34.99995847,128.6927878,2025-11-04
경상남도 거제시청,경상남도 거제시 장목면 송진포리 산 49-9(부산방향),차번인식,2,200,70도,30일,2013-08-01,055-639-3683,34.999902,128.693067,2025-11-04
경상남도 거제시청,연초면 죽토리 1195-3,차번인식,1,200,70도,30일,2013-08-01,055-639-3683,34.91118513,128.649802,2025-11-04
경상남도 거제시청,연초면 연사리 194-4,차번인식,1,200,70도,30일,2013-08-01,055-639-3683,34.90785,128.645612,2025-11-04
경상남도 거제시청,동부면 산양리 366-6(산양삼거리),차번인식,3,200,70도,30일,2013-08-01,055-639-3683,34.822931,128.607463,2025-11-04
경상남도 거제시청,사등면 오량리 산 946(신대교앞 통영방면),차번인식,2,200,70도,30일,2016-06-01,055-639-3683,34.887661,128.491896,2025-11-04
경상남도 거제시청,사등면 오량리 산 951-1(신대교앞 고현방면),차번인식,2,200,70도,30일,2016-06-01,055-639-3683,34.887003,128.488241,2025-11-04
경상남도 거제시청,사등면 덕호리 138-4(구대교 진출입로),차번인식,2,200,70도,30일,2016-06-01,055-639-3683,34.88338274,128.4787373,2025-11-04
경상남도 거제시청,"장평동 산107-6, 장평고개 고가도로 접속점",차번인식,1,200,70도,30일,2019-12-01,055-639-3683,34.891839,128.591977,2025-11-04
경상남도 거제시청,"거제면 남동리 106-2, GS25거제서정점사거리",방범,4,200,70도,30일,2019-12-01,055-639-3683,34.850046,128.58883,2025-11-04
경상남도 거제시청,"수월동 842-13, 수월중학교인근",방범,4,200,70도,30일,2019-12-01,055-639-3683,34.8904708,128.6462694,2025-11-04
경상남도 거제시청,"상동동 473-1, 미니스톱거제계룡점사거리",방범,4,200,70도,30일,2019-12-01,055-639-3683,34.878044,128.627472,2025-11-04
경상남도 거제시청,"사등면 창호리 2657-3, 신전마을회관입구",방범,4,200,70도,30일,2019-12-01,055-639-3683,34.935687,128.517126,2025-11-04
경상남도 거제시청,"장승포동 157-10, 장승포마을회관",방범,2,200,70도,30일,2019-12-01,055-639-3683,34.8636151,128.7310535,2025-11-04
경상남도 거제시청,"일운면 지세포리 816-25, 거제요트학교",방범,2,200,70도,30일,2019-12-01,055-639-3683,34.832858,128.701946,2025-11-04
경상남도 거제시청,"일운면 소동리 457-7, 지세포수변공원",방범,3,200,70도,30일,2019-12-01,055-639-3683,34.839063,128.700878,2025-11-04
경상남도 거제시청,"남부면 저구리 262-2, 명사해수욕장",방범,2,200,70도,30일,2019-12-01,055-639-3683,34.726265,128.602263,2025-11-04
경상남도 거제시청,"남부면 저구리 산90-339, 홍포마을회관",방범,2,200,70도,30일,2019-12-01,055-639-3683,34.708271,128.599239,2025-11-04
경상남도 거제시청,"일운면 망치리 335-1, 망치해수욕장",방범,3,200,70도,30일,2020-02-01,055-639-3683,34.812993,128.667031,2025-11-04
경상남도 거제시청,"일운면 구조라리 42-2, 코리아둘레길 안내쉼터",방범,2,200,70도,30일,2020-02-01,055-639-3683,34.80667768,128.6956897,2025-11-04
경상남도 거제시청,"장승포동 7-1, 장승포해안로",방범,2,200,70도,30일,2020-02-01,055-639-3683,34.86672429,128.7374601,2025-11-04
경상남도 거제시청,"고현동 977, 우리은행 거제지점",주정차단속,2,200,70도,30일,2020-02-01,055-639-3683,34.890562,128.6221,2025-11-04
경상남도 거제시청,"고현동, 961-59, 라인실내양궁장",주정차단속,4,200,70도,30일,2019-12-01,055-639-3683,34.888794,128.624637,2025-11-04
경상남도 거제시청,"고현동 39-11, 고현치과",주정차단속,4,200,70도,30일,2020-02-01,055-639-3683,34.887556,128.625288,2025-11-04
경상남도 거제시청,"옥포동 1922-1, 옥포항",방범,4,200,70도,30일,2020-02-01,055-639-3683,34.891395,128.699178,2025-11-04
경상남도 거제시청,"고현동 961-28, 현대자동차 고현대리점",주정차단속,4,200,70도,30일,2013-06-01,055-639-3683,34.889512,128.622602,2025-11-04
경상남도 거제시청,"고현동 961-143, 티월드 고현중앙로점",주정차단속,4,200,70도,30일,2020-05-01,055-639-3683,34.8883,128.6232,2025-11-04
경상남도 거제시청,고현동 100-9 고현사거리 차번,차번인식,2,200,70도,30일,2020-05-01,055-639-3683,34.887052,128.62373,2025-11-04
경상남도 거제시청,"옥포1동 537-24, 유경애버빌뷰 골목",방범,2,200,70도,30일,2020-05-01,055-639-3683,34.89267588,128.6885801,2025-11-04
경상남도 거제시청,"아주동 320-55, 성보체어빌 골목",방범,2,200,70도,30일,2020-05-01,055-639-3683,34.86433869,128.6913665,2025-11-04
경상남도 거제시청,"일운면 지세포리 1009-7, 지세포아구찜 앞",방범,5,200,70도,30일,2020-05-01,055-639-3683,34.82697177,128.7047333,2025-11-04
경상남도 거제시청,"상동동 849, 문동3교 아래",방범,5,200,70도,30일,2020-05-01,055-639-3683,34.8638771,128.6337233,2025-11-04
경상남도 거제시청,"장평동 247, 장평제니스-코아루 산책로",방범,3,200,70도,30일,2020-05-01,055-639-3683,34.88904578,128.6071315,2025-11-04
경상남도 거제시청,"양정동 1098, 해뜰안애아파트 삼거리",방범,4,200,70도,30일,2020-06-01,055-639-3683,34.86594597,128.6531526,2025-11-04
경상남도 거제시청,"장승포동 343-2, 장승포탑마트 뒷골목",방범,3,200,70도,30일,2020-07-01,055-639-3683,34.87144398,128.7306727,2025-11-04
경상남도 거제시청,"장평동 1129-3, 피솔길 220 폐가전중간집하장",방범,2,200,70도,30일,2020-07-01,055-639-3683,34.91056168,128.5825635,2025-11-04
경상남도 거제시청,고현동 29-8 고현수협사거리,주정차단속,5,200,70도,30일,2020-07-01,055-639-3683,34.887915,128.626118,2025-11-04
경상남도 거제시청,수월동 1097-20 수월코끼리부동산,주정차단속,3,200,70도,30일,2020-07-01,055-639-3683,34.893754,128.642168,2025-11-04
경상남도 거제시청,옥포2동 873-1 옥포성덕농산,주정차단속,5,200,70도,30일,2020-07-01,055-639-3683,34.897767,128.696251,2025-11-04
경상남도 거제시청,옥포1동 534-1 미니스톱거제옥포점,주정차단속,5,200,70도,30일,2020-07-01,055-639-3683,34.89388,128.692456,2025-11-04
경상남도 거제시청,아주동 1687-2 아주농협하나로마트,주정차단속,5,200,70도,30일,2020-07-01,055-639-3683,34.867551,128.688694,2025-11-04
경상남도 거제시청,장평동 600-2 삼성중공업(주정차),주정차단속,3,200,70도,30일,2020-05-01,055-639-3683,34.894466,128.607367,2025-11-04
경상남도 거제시청,아주동 1679-7 아주덕산2차 뚜레주르사거리,주정차단속,5,200,70도,30일,2020-05-01,055-639-3683,34.86693235,128.6846682,2025-11-04
경상남도 거제시청,장평동 152 장평기상관측소굴다리,방범,3,200,70도,30일,2020-05-01,055-639-3683,34.8884097,128.6051936,2025-11-04
경상남도 거제시청,옥포로21길 16 세븐일레븐 거제옥포SK점,방범,7,200,70도,30일,2020-10-01,055-639-3683,34.89472026,128.6889448,2025-11-04
경상남도 거제시청,고현동 산54 계룡산충혼탑입구,방범,3,200,70도,30일,2020-10-01,055-639-3683,34.88447272,128.6174813,2025-11-04
경상남도 거제시청,장목면 240-28 장목파출소삼거리,방범,4,200,70도,30일,2020-11-01,055-639-3683,34.98678542,128.6814338,2025-11-04
경상남도 거제시청,고현동 44 남흥건재사거리,방범,4,200,70도,30일,2020-11-01,055-639-3683,34.88668463,128.6260206,2025-11-04
경상남도 거제시청,장평 삼성호텔교차로,주정차단속,4,200,70도,30일,2020-11-01,055-639-3683,34.8947167,128.6139202,2025-11-04
경상남도 거제시청,고현동 1183 (고현항내사거리),주정차단속,5,200,70도,30일,2020-11-01,055-639-3683,34.89360996,128.6169247,2025-11-04
경상남도 거제시청,고현동 1184 (고현항내삼거리),주정차단속,3,200,70도,30일,2020-11-01,055-639-3683,34.89452912,128.618187,2025-11-04
경상남도 거제시청,능포동 680-2 옥수당약국앞,주정차단속,4,200,70도,30일,2020-11-01,055-639-3683,34.8757171,128.7316541,2025-11-04
경상남도 거제시청,아주동 695-6 아주용소이마트삼거리,주정차단속,4,200,70도,30일,2020-11-01,055-639-3683,34.87385236,128.6896736,2025-11-04
경상남도 거제시청,옥포동 529-8 옥포중앙사거리,주정차단속,5,200,70도,30일,2020-11-01,055-639-3683,34.89376859,128.6910173,2025-11-04
경상남도 거제시청,고현동 809-1 고현거제중앙병원,주정차단속,5,200,70도,30일,2020-12-01,055-639-3683,34.88625271,128.6222791,2025-11-04
경상남도 거제시청,옥포동 539-1 옥포초등학교정문,주정차단속,5,200,70도,30일,2020-12-01,055-639-3683,34.89193024,128.6913781,2025-11-04
경상남도 거제시청,거제중앙로26길 19 팡팡관광나이트주차장입구,방범,1,200,70도,30일,2020-12-01,055-639-3683,34.88949552,128.6248042,2025-11-04
경상남도 거제시청,서문로 65 부부약국,방범,1,200,70도,30일,2020-12-01,055-639-3683,34.88932786,128.6232519,2025-11-04
경상남도 거제시청,서문로 70-1 비키니노래주점,방범,2,200,70도,30일,2020-12-01,055-639-3683,34.88943267,128.6236789,2025-11-04
경상남도 거제시청,거제중앙로26길 7 달구지막창,방범,1,200,70도,30일,2020-12-01,055-639-3683,34.88903887,128.6234651,2025-11-04
경상남도 거제시청,거제중앙로 1912-4 촌집,방범,2,200,70도,30일,2020-12-01,055-639-3683,34.88886591,128.623849,2025-11-04
경상남도 거제시청,거제중앙로24길 9-1 인생네컷,방범,2,200,70도,30일,2020-12-01,055-639-3683,34.88861498,128.6240761,2025-11-04
경상남도 거제시청,거제중앙로 1904-10 몬스터동전노래방,방범,2,200,70도,30일,2020-12-01,055-639-3683,34.8883746,128.6244259,2025-11-04
경상남도 거제시청,고현로11길 17 씨네세븐앞,방범,1,200,70도,30일,2020-12-01,055-639-3683,34.8890555,128.6243722,2025-11-04
경상남도 거제시청,일운면 소동리 512-5(신촌마을),차번인식,1,200,70도,30일,2013-06-01,055-639-3683,34.83485,128.697776,2025-11-04
경상남도 거제시청,장목면 장목리 650-2도(장목삼거리),차번인식,1,200,70도,30일,2013-06-01,055-639-3683,34.986867,128.681418,2025-11-04
경상남도 거제시청,하청면 실전리 551-2(사환마을 입구),차번인식,1,200,70도,30일,2021-05-01,055-639-3683,34.96173299,128.6557058,2025-11-04
경상남도 거제시청,덕포동 106-2(덕포동 장목 방면),차번인식,1,200,70도,30일,2011-09-01,055-639-3683,34.913616,128.712172,2025-11-04
경상남도 거제시청,덕포동 106-2(덕포동 장목 방면),차번인식,1,200,70도,30일,2021-06-01,055-639-3683,34.91368894,128.7110967,2025-11-04
경상남도 거제시청,사등면 덕호리 240-11도(광리마을 입구),차번인식,1,200,70도,30일,2013-06-01,055-639-3683,34.87393694,128.4768209,2025-11-04
경상남도 거제시청,하청면 어온리 506 장안마을회관앞,방범,1,200,70도,30일,2021-02-01,055-639-3683,34.98235968,128.6435775,2025-11-04
경상남도 거제시청,거제시 상동동 728-1 대동다숲아파트,방범,2,200,70도,30일,2021-03-01,055-639-3683,34.86961923,128.6324876,2025-11-04
경상남도 거제시청,거제시 양정동 89-2,초등학교,4,200,70도,30일,2021-03-01,055-639-3683,34.87135098,128.6509709,2025-11-04
경상남도 거제시청,능포동 757-80,방범,4,200,70도,30일,2021-03-01,055-639-3683,34.87832246,128.7339117,2025-11-04
경상남도 거제시청,능포동 332-16,방범,1,200,70도,30일,2021-04-01,055-639-3683,34.87704201,128.7338943,2025-11-04
경상남도 거제시청,능포동 250-9,방범,1,200,70도,30일,2021-04-01,055-639-3683,34.8764123,128.7346815,2025-11-04
경상남도 거제시청,능포동 273-4,방범,1,200,70도,30일,2021-04-01,055-639-3683,34.87626168,128.7357698,2025-11-04
경상남도 거제시청,능포동 276-1,방범,1,200,70도,30일,2021-04-01,055-639-3683,34.87632832,128.7363968,2025-11-04
경상남도 거제시청,고현동 1025,주정차단속,4,200,70도,30일,2021-03-01,055-639-3683,34.89402001,128.6304183,2025-11-04
경상남도 거제시청,옥림리 325-1,방범,4,200,70도,30일,2021-06-01,055-639-3683,34.84451804,128.7230096,2025-11-04
경상남도 거제시청,동부면 산촌리 84-5,방범,5,200,70도,30일,2021-06-01,055-639-3683,34.82956253,128.6041759,2025-11-04
경상남도 거제시청,다포리 163-1,방범,3,200,70도,30일,2021-06-01,055-639-3683,34.7280025,128.6228783,2025-11-04
경상남도 거제시청,아주동 989-4,방범,5,200,70도,30일,2021-06-01,055-639-3683,34.87442998,128.6880083,2025-11-04
경상남도 거제시청,고현동 209-22,방범,5,200,70도,30일,2021-06-01,055-639-3683,34.88351547,128.6271742,2025-11-04
경상남도 거제시청,고현동 459-1,방범,2,200,70도,30일,2021-06-01,055-639-3683,34.88081197,128.6235012,2025-11-04
경상남도 거제시청,상문동 689-2,방범,2,200,70도,30일,2021-06-01,055-639-3683,34.87078827,128.6316943,2025-11-04
경상남도 거제시청,술역리 543-2,방범,3,200,70도,30일,2021-06-01,055-639-3683,34.84704495,128.4846097,2025-11-04
경상남도 거제시청,일운면 구조라리 447-1,재난관리,3,200,70도,30일,2021-06-01,055-639-3683,34.80792119,128.6922082,2025-11-04
경상남도 거제시청,사등면 덕호리 288-70,방범,3,200,70도,30일,2021-06-01,055-639-3683,34.87768408,128.4734406,2025-11-04
경상남도 거제시청,옥포동 391-1,방범,3,200,70도,30일,2021-08-01,055-639-3683,34.89003605,128.6933495,2025-11-04
경상남도 거제시청,옥포동 1921 GS25시 앞,방범,4,200,70도,30일,2021-08-01,055-639-3683,34.89214321,128.696697,2025-11-04
경상남도 거제시청,옥포동 1922,방범,3,200,70도,30일,2021-08-01,055-639-3683,34.89146063,128.6966844,2025-11-04
경상남도 거제시청,옥포동 1918-3 앞,방범,4,200,70도,30일,2021-08-01,055-639-3683,34.89142777,128.6982319,2025-11-04
경상남도 거제시청,옥포동 133-2,방범,3,200,70도,30일,2021-08-01,055-639-3683,34.89075128,128.6992529,2025-11-04
경상남도 거제시청,옥포동 393-1,방범,2,200,70도,30일,2021-08-01,055-639-3683,34.89032189,128.6937555,2025-11-04
경상남도 거제시청,남부면 저구리 248-5,방범,9,200,70도,30일,2021-10-01,055-639-3683,34.72620962,128.6024636,2025-11-04
경상남도 거제시청,남부면 갈곶리 72-7,방범,7,200,70도,30일,2021-10-01,055-639-3683,34.73826055,128.673943,2025-11-04
경상남도 거제시청,남부면 갈곶리 292-5,방범,7,200,70도,30일,2021-10-01,055-639-3683,34.74192595,128.662354,2025-11-04
경상남도 거제시청,남부면 저구리 489-3,방범,8,200,70도,30일,2021-10-01,055-639-3683,34.72044847,128.5884548,2025-11-04
경상남도 거제시청,남부면 저구리 216-6,방범,8,200,70도,30일,2021-11-01,055-639-3683,34.73104901,128.606456,2025-11-04
경상남도 거제시청,고현동 98-27,주정차단속,2,200,70도,30일,2021-11-01,055-639-3683,34.88599382,128.6243068,2025-11-04
경상남도 거제시청,장목면 관포리 445-3,조기경보,3,200,70도,30일,2021-11-01,055-639-3683,34.99180694,128.6922462,2025-11-04
경상남도 거제시청,장목면 관포리 60-1,조기경보,3,200,70도,30일,2021-11-01,055-639-3683,34.99061788,128.6978454,2025-11-04
경상남도 거제시청,장목면 관포리 675-3,조기경보,4,200,70도,30일,2021-11-01,055-639-3683,34.9918836,128.6985314,2025-11-04
경상남도 거제시청,장목면 관포리 10-2,조기경보,3,200,70도,30일,2021-11-01,055-639-3683,34.99120804,128.6943567,2025-11-04
경상남도 거제시청,장목면 농소리 46-5,조기경보,3,200,70도,30일,2021-11-01,055-639-3683,35.01058144,128.7076157,2025-11-04
경상남도 거제시청,장목면 농소리 67-3,조기경보,3,200,70도,30일,2021-11-01,055-639-3683,35.00907192,128.7054848,2025-11-04
경상남도 거제시청,장목면 송진포리 95-2,조기경보,4,200,70도,30일,2021-11-01,055-639-3683,35.00098681,128.7016495,2025-11-04
경상남도 거제시청,장목면 농소리 67-3,조기경보,3,200,70도,30일,2021-11-01,055-639-3683,35.00486116,128.7009817,2025-11-04
경상남도 거제시청,장목면 송진포리 122-7,조기경보,4,200,70도,30일,2021-11-01,055-639-3683,35.00144137,128.7041328,2025-11-04
경상남도 거제시청,능포동 산 61-78,조기경보,3,200,70도,30일,2021-11-01,055-639-3683,34.8700632,128.7426316,2025-11-04
경상남도 거제시청,능포동 580-3,조기경보,3,200,70도,30일,2021-11-01,055-639-3683,34.88858586,128.7345647,2025-11-04
경상남도 거제시청,장목면 유호리 449-17,방범,5,200,70도,30일,2021-11-01,055-639-3683,35.02726151,128.7149414,2025-11-04
경상남도 거제시청,장목면 유호리 449-17,방범,2,200,70도,30일,2021-10-01,055-639-3683,35.02793942,128.7142367,2025-11-04
경상남도 거제시청,둔덕면 학산리 231-2,조기경보,3,200,70도,30일,2021-11-01,055-639-3683,34.85942591,128.4773108,2025-11-04
경상남도 거제시청,둔덕면 학산리 228-2,조기경보,3,200,70도,30일,2021-11-01,055-639-3683,34.85812024,128.4779007,2025-11-04
경상남도 거제시청,남부면 다포리 산38-127,조기경보,3,200,70도,30일,2021-11-01,055-639-3683,34.71524427,128.622147,2025-11-04
경상남도 거제시청,거제면 법동리 산83-3,조기경보,3,200,70도,30일,2021-11-01,055-639-3683,34.81203225,128.5169323,2025-11-04
경상남도 거제시청,거제면 법동리 1086-8,조기경보,4,200,70도,30일,2021-11-01,055-639-3683,34.81092121,128.5174476,2025-11-04
경상남도 거제시청,연초면 천곡리 194-10,조기경보,3,200,70도,30일,2021-11-01,055-639-3683,34.92779369,128.6755373,2025-11-04
경상남도 거제시청,연초면 이목리 143-4,조기경보,3,200,70도,30일,2021-11-01,055-639-3683,34.93004431,128.6704407,2025-11-04
경상남도 거제시청,연초면 천곡리 287,조기경보,3,200,70도,30일,2021-11-01,055-639-3683,34.93151762,128.6779647,2025-11-04
경상남도 거제시청,연초면 천곡리 36-1,조기경보,3,200,70도,30일,2021-11-01,055-639-3683,34.92460527,128.6837784,2025-11-04
경상남도 거제시청,연초면 연사리 923,조기경보,3,200,70도,30일,2021-11-01,055-639-3683,34.91141535,128.6407282,2025-11-04
경상남도 거제시청,연초면 연사리 674-6,조기경보,7,200,70도,30일,2021-11-01,055-639-3683,34.91248035,128.6458161,2025-11-04
경상남도 거제시청,하청면 하청리 246-2,조기경보,3,200,70도,30일,2021-11-01,055-639-3683,34.95204668,128.6584663,2025-11-04
경상남도 거제시청,하청면 하청리 267-6,조기경보,4,200,70도,30일,2021-11-01,055-639-3683,34.95231778,128.6564984,2025-11-04
경상남도 거제시청,능포동 산101-5,조기경보,3,200,70도,30일,2021-11-01,055-639-3683,34.88927254,128.7343971,2025-11-04
경상남도 거제시청,연초면 오비리 375-3,조기경보,2,200,70도,30일,2021-11-01,055-639-3683,34.92073302,128.6279778,2025-11-04
경상남도 거제시청,문동동 598-5,주정차단속,3,200,70도,30일,2022-01-01,055-639-3683,34.86116399,128.6439019,2025-11-04
경상남도 거제시청,일운면 지세포리 1375-23,주정차단속,4,200,70도,30일,2022-01-01,055-639-3683,34.82795676,128.7060562,2025-11-04
경상남도 거제시청,아주동 1471-6,주정차단속,4,200,70도,30일,2022-01-01,055-639-3683,34.87006523,128.6793614,2025-11-04
경상남도 거제시청,옥포동 1301,주정차단속,5,200,70도,30일,2022-01-01,055-639-3683,34.90136923,128.6851363,2025-11-04
경상남도 거제시청,청곡리 591,재난관리,6,200,70도,30일,2022-03-01,055-639-3683,34.90266673,128.5023137,2025-11-04
경상남도 거제시청,거제시 아주동 1720,초등학교,4,200,70도,30일,2021-11-01,055-639-3683,34.87391814,128.6866875,2025-11-04
경상남도 거제시청,동부면 산양리 476-5,방범,4,200,70도,30일,2022-04-01,055-639-3683,34.82560338,128.608676,2025-11-04
경상남도 거제시청,동부면 산양리 860-4,방범,3,200,70도,30일,2022-04-01,055-639-3683,34.82520598,128.6070392,2025-11-04
경상남도 거제시청,수월동 852-1 수양마을 입구,방범,3,200,70도,30일,2022-08-01,055-639-3683,34.89089488,128.6499699,2025-11-04
경상남도 거제시청,장목면 대금리 21-8,방범,5,200,70도,30일,2022-09-01,055-639-3683,34.96660686,128.7036258,2025-11-04
경상남도 거제시청,옥포동 1795-17,방범,6,200,70도,30일,2022-09-01,055-639-3683,34.89128192,128.694564,2025-11-04
경상남도 거제시청,능포동 328-1,방범,2,200,70도,30일,2022-09-01,055-639-3683,34.87689591,128.7347685,2025-11-04
경상남도 거제시청,능포동 301-74(옥명장미카페 뒷길),방범,2,200,70도,30일,2022-09-01,055-639-3683,34.87730619,128.7349237,2025-11-04
경상남도 거제시청,상동동 1079,방범,4,200,70도,30일,2022-09-01,055-639-3683,34.8626221,128.6354189,2025-11-04
경상남도 거제시청,연초면 송정리 843-2,방범,2,200,70도,30일,2022-09-01,055-639-3683,34.914715,128.6711071,2025-11-04
경상남도 거제시청,하청면 하청리 543-4,방범,3,200,70도,30일,2022-09-01,055-639-3683,34.95890853,128.6586233,2025-11-04
경상남도 거제시청,연초면 송정리 산 2-1,방범,8,200,70도,30일,2022-11-01,055-639-3683,34.91475265,128.6877756,2025-11-04
경상남도 거제시청,장평동 346-37,방범,2,200,70도,30일,2023-01-01,055-639-3683,34.89235956,128.6052133,2025-11-04
경상남도 거제시청,남부면 탑포리 202(탑포2길 마을 안길 삼거리),방범,2,200,70도,30일,2023-01-01,055-639-3683,34.76248751,128.6036681,2025-11-04
경상남도 거제시청,서정리 867-4,차번인식,1,200,70도,30일,2022-10-01,055-639-3683,34.85729839,128.5809125,2025-11-04
경상남도 거제시청,고현동 687-8,방범,3,200,70도,30일,2023-01-01,055-639-3683,34.88328549,128.6219437,2025-11-04
경상남도 거제시청,사등면 창호리 1877,방범,4,200,70도,30일,2022-12-01,055-639-3683,34.94001156,128.5258963,2025-11-04
경상남도 거제시청,아주동 320-59,방범,3,200,70도,30일,2022-12-01,055-639-3683,34.8635428,128.6921851,2025-11-04
경상남도 거제시청,양정동 885,방범,2,200,70도,30일,2022-12-01,055-639-3683,34.88921658,128.6402682,2025-11-04
경상남도 거제시청,삼거동 397,방범,4,200,70도,30일,2022-12-01,055-639-3683,34.84926824,128.6506715,2025-11-04
경상남도 거제시청,사등면 가조로 74,방범,2,200,70도,30일,2022-12-01,055-639-3683,34.91976628,128.527671,2025-11-04
경상남도 거제시청,사등면 덕호리 104-6,방범,5,200,70도,30일,2023-02-01,055-639-3683,34.8833163,128.4784218,2025-11-04
경상남도 거제시청,사등면 덕호리 102,방범,4,200,70도,30일,2023-02-01,055-639-3683,34.88359416,128.4778024,2025-11-04
경상남도 거제시청,사등면 덕호리 102,방범,4,200,70도,30일,2023-02-01,055-639-3683,34.8836839,128.4770537,2025-11-04
경상남도 거제시청,고현동 1024-2,방범,6,200,70도,30일,2023-02-01,055-639-3683,34.89693086,128.6254647,2025-11-04
경상남도 거제시청,고현동 1024,방범,3,200,70도,30일,2023-02-01,055-639-3683,34.89721062,128.6273186,2025-11-04
경상남도 거제시청,양정동 197,방범,4,200,70도,30일,2023-03-01,055-639-3683,34.86872561,128.6470856,2025-11-04
경상남도 거제시청,장승포동 산 75-48,방범,6,200,70도,30일,2023-04-01,055-639-3683,34.86050064,128.7231997,2025-11-04
경상남도 거제시청,장목면 구영리 329-9,방범,3,200,70도,30일,2023-04-01,055-639-3683,35.03018922,128.6954307,2025-11-04
경상남도 거제시청,소동리 산 6-2,차번인식,1,200,70도,30일,2023-04-01,055-639-3683,34.84713899,128.7082376,2025-11-04
경상남도 거제시청,소동리 14-6,차번인식,2,200,70도,30일,2023-04-01,055-639-3683,34.84753308,128.7079295,2025-11-04
경상남도 거제시청,장평동 1196,차번인식,2,200,70도,30일,2023-04-01,055-639-3683,34.89229965,128.6172365,2025-11-04
경상남도 거제시청,고현동 981,차번인식,4,200,70도,30일,2023-04-01,055-639-3683,34.89186029,128.6215529,2025-11-04
경상남도 거제시청,아주동 산 97-87,차번인식,1,200,70도,30일,2023-04-01,055-639-3683,34.87113239,128.6716893,2025-11-04
경상남도 거제시청,아주동 463-3,차번인식,2,200,70도,30일,2023-04-01,055-639-3683,34.86714781,128.6926187,2025-11-04
경상남도 거제시청,상동동 산 68-8,차번인식,6,200,70도,30일,2023-04-01,055-639-3683,34.86061265,128.627787,2025-11-04
경상남도 거제시청,일운면 지세포리 991-6,방범,5,200,70도,30일,2023-04-01,055-639-3683,34.82825379,128.7037354,2025-11-04
경상남도 거제시청,일운면 구조라리 328-2,방범,3,200,70도,30일,2023-04-01,055-639-3683,34.80476475,128.6939502,2025-11-04
경상남도 거제시청,사등면 지석리 919-7,방범,3,200,70도,30일,2023-04-01,055-639-3683,34.90761046,128.5159633,2025-11-04
경상남도 거제시청,고현동 977-8,방범,2,200,70도,30일,2023-04-01,055-639-3683,34.89088421,128.6234543,2025-11-04
경상남도 거제시청,거제면 명진리 698,방범,4,200,70도,30일,2023-04-01,055-639-3683,34.8460979,128.6050928,2025-11-04
경상남도 거제시청,연초면 죽토리 492-2,방범,4,200,70도,30일,2023-04-01,055-639-3683,34.9108042,128.6640086,2025-11-04
경상남도 거제시청,문동동 산 73-3,방범,3,200,70도,30일,2023-04-01,055-639-3683,34.85692031,128.659423,2025-11-04
경상남도 거제시청,옥포동 1923-1,방범,5,200,70도,30일,2023-04-01,055-639-3683,34.89063631,128.699413,2025-11-04
경상남도 거제시청,능포동 427-2,방범,5,200,70도,30일,2023-04-01,055-639-3683,34.880174,128.738146,2025-11-04
경상남도 거제시청,옥포1동 산 79-2,방범,2,200,70도,30일,2023-06-01,055-639-3683,34.88507792,128.6946741,2025-11-04
경상남도 거제시청,거제면 서상리 394-30,방범,3,200,70도,30일,2023-06-01,055-639-3683,34.85209924,128.5901846,2025-11-04
경상남도 거제시청,사등면 성포리 29-2,방범,3,200,70도,30일,2023-06-01,055-639-3683,34.92060292,128.527978,2025-11-04
경상남도 거제시청,양정동 858-5,방범,4,200,70도,30일,2023-06-01,055-639-3683,34.88840842,128.6446376,2025-11-04
경상남도 거제시청,동부면 가배리 산 80-56,방범,2,200,70도,30일,2023-06-01,055-639-3683,34.78980396,128.562425,2025-11-04
경상남도 거제시청,고현동 1010-3,방범,2,200,70도,30일,2023-06-01,055-639-3683,34.89304673,128.6270588,2025-11-04
경상남도 거제시청,연초면 연사리 1091-1,방범,2,200,70도,30일,2023-06-01,055-639-3683,34.91014439,128.644032,2025-11-04
경상남도 거제시청,장평동 346-37(중앙당구장 앞),방범,2,200,70도,30일,2023-05-01,055-639-3683,34.89332913,128.6057277,2025-11-04
경상남도 거제시청,장평동 1194-1(장평성당 부근),방범,4,200,70도,30일,2023-05-01,055-639-3683,34.89175438,128.6153235,2025-11-04
경상남도 거제시청,아주동 733-4(아름빌 골목),방범,4,200,70도,30일,2023-05-01,055-639-3683,34.87433443,128.6909679,2025-11-04
경상남도 거제시청,사등면 성포리 43-1,방범,3,200,70도,30일,2023-06-01,055-639-3683,34.91802779,128.5286772,2025-11-04
경상남도 거제시청,사등면 성포리 312-3,방범,3,200,70도,30일,2023-06-01,055-639-3683,34.92228421,128.5273453,2025-11-04
경상남도 거제시청,사등면 성포리 341-1,방범,4,200,70도,30일,2023-06-01,055-639-3683,34.92149071,128.5269585,2025-11-04
경상남도 거제시청,사등면 성포리 343-3,방범,3,200,70도,30일,2023-06-01,055-639-3683,34.9205545,128.525094,2025-11-04
경상남도 거제시청,고현동 453-2,방범,6,200,70도,30일,2023-06-01,055-639-3683,34.87998907,128.6253087,2025-11-04
경상남도 거제시청,사등면 성포리 390-7,차번인식,2,200,70도,30일,2023-06-01,055-639-3683,34.91605118,128.5197898,2025-11-04
경상남도 거제시청,사등면 성포리 374-2,차번인식,2,200,70도,30일,2023-06-01,055-639-3683,34.91845081,128.5218332,2025-11-04
경상남도 거제시청,양정동 599-1,방범,2,200,70도,30일,2023-07-01,055-639-3683,34.88594,128.6452483,2025-11-04
경상남도 거제시청,사등면 사곡리 757-1,방범,5,200,70도,30일,2023-09-01,055-639-3683,34.89900094,128.5716139,2025-11-04
경상남도 거제시청,하청면 황덕도길 109 부근,방범,3,200,70도,30일,2023-07-01,055-639-3683,35.00613731,128.6290271,2025-11-04
경상남도 거제시청,하청면 황덕도길 43 부근,방범,2,200,70도,30일,2023-07-01,055-639-3683,35.00813523,128.6243134,2025-11-04
경상남도 거제시청,하청면 황덕도길 163 부근,방범,2,200,70도,30일,2023-07-01,055-639-3683,35.009151,128.6245145,2025-11-04
경상남도 거제시청,장목면 시방리 170-13,방범,5,200,70도,30일,2023-10-01,055-639-3683,34.97014475,128.725508,2025-11-04
경상남도 거제시청,장목면 시방리 170-7,방범,2,200,70도,30일,2023-10-01,055-639-3683,34.96877581,128.725375,2025-11-04
경상남도 거제시청,장목면 시방리 산 19-17,방범,2,200,70도,30일,2023-10-01,055-639-3683,34.97112629,128.7258551,2025-11-04
경상남도 거제시청,장목면 시방리 65,방범,2,200,70도,30일,2023-10-01,055-639-3683,34.96817993,128.7280473,2025-11-04
경상남도 거제시청,장목면 시방리 731-23,방범,1,200,70도,30일,2023-10-01,055-639-3683,34.96477484,128.7088239,2025-11-04
경상남도 거제시청,남부면 다대리 102-4,방범,5,200,70도,30일,2023-11-01,055-639-3683,34.73537253,128.6305188,2025-11-04
경상남도 거제시청,남부면 다대리 458-1,방범,5,200,70도,30일,2023-11-01,055-639-3683,34.73254967,128.6279266,2025-11-04
경상남도 거제시청,남부면 다대리 458-1,방범,7,200,70도,30일,2023-11-01,055-639-3683,34.73183991,128.6297426,2025-11-04
경상남도 거제시청,하천침수방지(시민안전과사업),재난관리,2,200,70도,30일,2023-12-01,055-639-3683,34.90318077,128.6455693,2025-11-04
경상남도 거제시청,하천침수방지(시민안전과사업),재난관리,4,200,70도,30일,2023-12-01,055-639-3683,34.92612557,128.6536946,2025-11-04
경상남도 거제시청,고현동 694,방범,4,200,70도,30일,2023-12-01,055-639-3683,34.88221065,128.6234563,2025-11-04
경상남도 거제시청,하청면 석포리 42-4,방범,2,200,70도,30일,2023-12-01,055-639-3683,34.95508599,128.6003775,2025-11-04
경상남도 거제시청,구조라리 81-1,방범,2,200,70도,30일,2023-12-01,055-639-3683,34.80396476,128.6948258,2025-11-04
경상남도 거제시청,둔덕면 상둔리(유지삼거리),방범,4,200,70도,30일,2024-02-01,055-639-3683,34.87653168,128.5337151,2025-11-04
경상남도 거제시청,거제면 옥산리 748-3,방범,2,200,70도,30일,2023-12-01,055-639-3683,34.86240939,128.5826537,2025-11-04
경상남도 거제시청,장평동 56-6,방범,4,200,70도,30일,2023-12-01,055-639-3683,34.89062414,128.6138683,2025-11-04
경상남도 거제시청,사등면 성포리 598,방범,2,200,70도,30일,2023-12-01,055-639-3683,34.91402423,128.5166376,2025-11-04
경상남도 거제시청,거제면 남동리 30-2,도시공원,1,200,70도,30일,2024-01-01,055-639-3683,34.84815097,128.5905596,2025-11-04
경상남도 거제시청,남부면 다대1길6,방범,1,200,70도,30일,2024-01-01,055-639-3683,34.7379993,128.6287703,2025-11-04
경상남도 거제시청,장승포동 685,조기경보,6,200,70도,30일,2024-01-01,055-639-3683,34.86468667,128.7233064,2025-11-04
경상남도 거제시청,장평동 707-1,방범,2,200,70도,30일,2024-01-01,055-639-3683,34.88988741,128.6029286,2025-11-04
경상남도 거제시청,상동동 912-12,방범,1,200,70도,30일,2024-03-01,055-639-3683,34.86426991,128.6320907,2025-11-04
경상남도 거제시청,상동동 909-5,방범,2,200,70도,30일,2024-03-01,055-639-3683,34.86450918,128.6312866,2025-11-04
경상남도 거제시청,상동동 989-2,방범,2,200,70도,30일,2024-03-01,055-639-3683,34.8648004,128.6306173,2025-11-04
경상남도 거제시청,상동동 산 58-5,방범,2,200,70도,30일,2024-03-01,055-639-3683,34.86532752,128.6308479,2025-11-04
경상남도 거제시청,상동동 1093,방범,2,200,70도,30일,2024-03-01,055-639-3683,34.86704432,128.6317444,2025-11-04
경상남도 거제시청,상동동 811-5,방범,2,200,70도,30일,2024-03-01,055-639-3683,34.86624399,128.6340931,2025-11-04
경상남도 거제시청,옥포동 산 82-10,조기경보,5,200,70도,30일,2024-02-01,055-639-3683,34.88554222,128.6942313,2025-11-04
경상남도 거제시청,고현동 1020(한미비치빌 앞),방범,1,200,70도,30일,2024-04-01,055-639-3683,34.89546979,128.6259185,2025-11-04
경상남도 거제시청,일운면 지세포리 1390-7,방범,3,200,70도,30일,2024-05-01,055-639-3683,34.8280041,128.7018493,2025-11-04
경상남도 거제시청,일운면 와현리 619-12,방범,4,200,70도,30일,2024-05-01,055-639-3683,34.81189138,128.7053942,2025-11-04
경상남도 거제시청,남부면 다포리 10-1,방범,3,200,70도,30일,2024-08-01,055-639-3683,34.71479693,128.6281559,2025-11-04
경상남도 거제시청,양정동 270-1,방범,3,200,70도,30일,2024-08-01,055-639-3683,34.87197883,128.6491451,2025-11-04
경상남도 거제시청,둔덕면 거림리 194-4,방범,4,200,70도,30일,2024-08-01,055-639-3683,34.85557711,128.5120908,2025-11-04
경상남도 거제시청,장목면 송진포리 615-5,방범,4,200,70도,30일,2024-08-01,055-639-3683,35.01046536,128.684589,2025-11-04
경상남도 거제시청,거제면 오수리 639-2,방범,3,200,70도,30일,2024-08-01,055-639-3683,34.83894141,128.5948856,2025-11-04
경상남도 거제시청,장목면 율천리 341-6,방범,4,200,70도,30일,2024-08-01,055-639-3683,34.96820545,128.6882018,2025-11-04
경상남도 거제시청,하청면 유계리 107-6,방범,3,200,70도,30일,2024-08-01,055-639-3683,34.95626071,128.6399288,2025-11-04
경상남도 거제시청,고현동 1102-3,주정차단속,3,200,70도,30일,2022-08-01,055-639-3683,34.89524783,128.6230937,2025-11-04
경상남도 거제시청,덕포동 산41,방범,6,200,70도,30일,2024-09-01,055-639-3683,34.91976283,128.7128034,2025-11-04
경상남도 거제시청,덕포동 산41,방범,6,200,70도,30일,2024-09-01,055-639-3683,34.91986564,128.7123748,2025-11-04
경상남도 거제시청,동부면 오송리 284-35,방범,4,200,70도,30일,2024-08-01,055-639-3683,34.81988284,128.5868502,2025-11-04
경상남도 거제시청,상동동 1093,주정차단속,2,200,70도,30일,2024-10-01,055-639-3683,34.86745045,128.631992,2025-11-04
경상남도 거제시청,장평동 1142-5,방범,4,200,70도,30일,2024-08-01,055-639-3683,34.89049887,128.610195,2025-11-04
경상남도 거제시청,옥포동 1795-379(호텔앞),방범,2,200,70도,30일,2024-08-01,055-639-3683,34.8902115,128.6941436,2025-11-04
경상남도 거제시청,옥포동 560,방범,3,200,70도,30일,2024-08-01,055-639-3683,34.89392051,128.688085,2025-11-04
경상남도 거제시청,능포동 519-13,방범,4,200,70도,30일,2024-08-01,055-639-3683,34.88316325,128.736226,2025-11-04
경상남도 거제시청,일운면 지세포리 1375-22,방범,2,200,70도,30일,2024-08-01,055-639-3683,34.82712977,128.703926,2025-11-04
경상남도 거제시청,장평동 530,방범,5,200,70도,30일,2024-08-01,055-639-3683,34.89363148,128.6052305,2025-11-04
경상남도 거제시청,고현동 1029,방범,2,200,70도,30일,2024-08-01,055-639-3683,34.89399568,128.6271497,2025-11-04
경상남도 거제시청,상동동 484,방범,2,200,70도,30일,2024-08-01,055-639-3683,34.87660965,128.6265869,2025-11-04
경상남도 거제시청,하청면 연구리 39-7 일대,방범,3,200,70도,30일,2024-12-01,055-639-3683,34.97767946,128.6342773,2025-11-04
경상남도 거제시청,옥포동 806 일대,방범,4,200,70도,30일,2024-12-01,055-639-3683,34.89590876,128.6971367,2025-11-04
경상남도 거제시청,장목면 외포리 산 117,방범,2,200,70도,30일,2024-12-01,055-639-3683,34.93719781,128.7172637,2025-11-04
경상남도 거제시청,옥포동 산 32-18 일대,방범,2,200,70도,30일,2024-12-01,055-639-3683,34.89846111,128.7034192,2025-11-04
경상남도 거제시청,동부면 가배2길 20 일대,방범,3,200,70도,30일,2024-12-01,055-639-3683,34.78481956,128.5704425,2025-11-04
경상남도 거제시청,덕원길 73 일대,방범,2,200,70도,30일,2024-12-01,055-639-3683,34.77875587,128.5749295,2025-11-04
경상남도 거제시청,사등면 사곡리산 59-3 일대,방범,2,200,70도,30일,2024-12-01,055-639-3683,34.8988195,128.564183,2025-11-04
경상남도 거제시청,거제면 옥산리 321-0,재난관리,1,200,70도,30일,2024-11-01,055-639-3683,34.87691491,128.5766322,2025-11-04
경상남도 거제시청,둔덕면 거림리 1033-0,재난관리,1,200,70도,30일,2024-11-01,055-639-3683,34.85906049,128.5040152,2025-11-04
경상남도 거제시청,사등면 지석리 552-1,재난관리,1,200,70도,30일,2024-11-01,055-639-3683,34.90231975,128.5234061,2025-11-04
경상남도 거제시청,장평동 384-1,재난관리,1,200,70도,30일,2024-11-01,055-639-3683,34.8898464,128.5991054,2025-11-04
경상남도 거제시청,연초면 오비리 392-1,재난관리,1,200,70도,30일,2024-11-01,055-639-3683,34.92145217,128.6284845,2025-11-04
경상남도 거제시청,아주동 565,방범,2,200,70도,30일,2024-12-01,055-639-3683,34.87357076,128.6918889,2025-11-04
경상남도 거제시청,장목면 율천리 598-3,방범,3,200,70도,30일,2024-12-01,055-639-3683,34.9656904,128.6887203,2025-11-04
경상남도 거제시청,사등면 지석리 903-11,방범,2,200,70도,30일,2024-12-01,055-639-3683,34.90918853,128.5152123,2025-11-04
경상남도 거제시청,옥포동 산 71-29,방범,2,200,70도,30일,2024-12-01,055-639-3683,34.89341877,128.7031447,2025-11-04
경상남도 거제시청,상동동 산 113,방범,3,200,70도,30일,2024-12-01,055-639-3683,34.85957914,128.6271937,2025-11-04
경상남도 거제시청,수월동 1075-1,방범,3,200,70도,30일,2024-12-01,055-639-3683,34.8936135,128.6451931,2025-11-04
경상남도 거제시청,옥포동 886-10,방범,2,200,70도,30일,2024-12-01,055-639-3683,34.89698536,128.6986432,2025-11-04
경상남도 거제시청,장승포동 547-5,방범,4,200,70도,30일,2024-12-01,055-639-3683,34.86235639,128.7242023,2025-11-04
경상남도 거제시청,하청면 연구리 406-2,방범,4,200,70도,30일,2024-12-01,055-639-3683,34.97912542,128.6313948,2025-11-04
경상남도 거제시청,능포동 산1,방범,2,200,70도,30일,2024-12-01,055-639-3683,34.89538366,128.7516779,2025-11-04
경상남도 거제시청,장평동 168-1,방범,4,200,70도,30일,2025-04-01,055-639-3683,34.88910778,128.6090358,2025-11-04
경상남도 거제시청,사등면 사곡리 288-4,방범,2,200,70도,30일,2025-06-01,055-639-3683,34.89633196,128.5839039,2025-11-04
경상남도 거제시청,거제면 법동리 286-34,방범,3,200,70도,30일,2025-06-01,055-639-3683,34.815544,128.5321222,2025-11-04
경상남도 거제시청,일운면 지세포리 929-69,방범,4,200,70도,30일,2025-06-01,055-639-3683,34.82996862,128.7048374,2025-11-04
경상남도 거제시청,동부면 학동리 105-1,방범,3,200,70도,30일,2025-06-01,055-639-3683,34.77838334,128.6521255,2025-11-04
경상남도 거제시청,장목면 시방리 220-1,방범,2,200,70도,30일,2025-06-01,055-639-3683,34.96023416,128.7120337,2025-11-04
경상남도 거제시청,남부면 쌍근2길4,방범,3,200,70도,30일,2025-06-01,055-639-3683,34.76137879,128.5866523,2025-11-04
경상남도 거제시청,장목면 관포리 156-4,방범,2,200,70도,30일,2025-06-01,055-639-3683,34.97985867,128.689844,2025-11-04
경상남도 거제시청,사등면 사등리 1960,방범,3,200,70도,30일,2025-06-01,055-639-3683,34.91157694,128.5427269,2025-11-04
경상남도 거제시청,동부면 산양리 196-3,방범,3,200,70도,30일,2025-06-01,055-639-3683,34.81572004,128.6173892,2025-11-04
경상남도 거제시청,장승포동 661-1,방범,2,200,70도,30일,2025-06-01,055-639-3683,34.86845852,128.7246123,2025-11-04
경상남도 거제시청,능포동 379-16,방범,3,200,70도,30일,2025-06-01,055-639-3683,34.87804694,128.7323971,2025-11-04
경상남도 거제시청,아주동 산52-2,방범,3,200,70도,30일,2025-06-01,055-639-3683,34.87100643,128.681358,2025-11-04
경상남도 거제시청,옥포동 1301,방범,4,200,70도,30일,2025-06-01,055-639-3683,34.89966669,128.6862662,2025-11-04
경상남도 거제시청,장평동 116-19,방범,3,200,70도,30일,2025-06-01,055-639-3683,34.88343711,128.6123137,2025-11-04
경상남도 거제시청,장평3로5길 49,방범,2,200,70도,30일,2025-06-01,055-639-3683,34.88963408,128.6042968,2025-11-04
경상남도 거제시청,중곡로2길 12,방범,3,200,70도,30일,2025-06-01,055-639-3683,34.8934786,128.630396,2025-11-04
경상남도 거제시청,고현동 426-2,방범,2,200,70도,30일,2025-06-01,055-639-3683,34.87995369,128.6282548,2025-11-04
경상남도 거제시청,구조라로4길 3-1,방범,4,200,70도,30일,2025-06-01,055-639-3683,34.8053622,128.6944804,2025-11-04
경상남도 거제시청,장평동 43-18,방범,4,200,70도,30일,2025-05-01,055-639-3683,34.89061551,128.6111914,2025-11-04
경상남도 거제시청,장평동 86-7,방범,4,200,70도,30일,2025-05-01,055-639-3683,34.88973982,128.6096977,2025-11-04
경상남도 거제시청,장평동 156,방범,2,200,70도,30일,2025-05-01,055-639-3683,34.88832983,128.6068209,2025-11-04
경상남도 거제시청,고현동 1006-4,방범,3,200,70도,30일,2024-12-01,055-639-3683,34.89281509,128.6252861,2025-11-04
경상남도 거제시청,고현동 986,방범,3,200,70도,30일,2024-12-01,055-639-3683,34.89683155,128.6268603,2025-11-04
